Date,ServerID,CPU_Usage,RAM_Usage,Internal_Temperature,External_Temperature,Energy_Usage,FanStatus,Failure_Probability,Comments
2025-01-01 00:00:00,Server_2,52.23,59.92,73.02,28.14,106.18,Working,0.76,Major failure
2025-01-01 00:05:00,Server_6,36.04,65.29,49.61,26.09,100.0,Working,0.16,No issues
2025-01-01 00:10:00,Server_7,45.73,67.59,71.82,15.0,100.0,Working,0.02,Minor issues
2025-01-01 00:15:00,Server_5,67.23,68.9,89.61,25.63,115.87,Working,0.03,No issues
2025-01-01 00:20:00,Server_9,37.02,51.54,82.66,30.52,100.0,Failed,0.17,No issues
2025-01-01 00:25:00,Server_9,54.11,58.99,82.99,26.12,106.19,Working,0.62,Minor issues
2025-01-01 00:30:00,Server_7,64.46,63.01,74.47,32.74,113.6,Working,0.68,Major failure
2025-01-01 00:35:00,Server_6,47.47,52.32,78.52,27.62,101.74,Working,0.41,No issues
2025-01-01 00:40:00,Server_8,38.42,66.74,69.11,26.26,100.0,Working,0.18,Minor issues
2025-01-01 00:45:00,Server_4,69.04,52.73,75.22,28.25,103.69,Working,0.01,Major failure
2025-01-01 00:50:00,Server_8,46.78,73.89,91.01,24.25,100.0,Working,0.5,No issues
2025-01-01 00:55:00,Server_9,42.69,51.45,77.4,27.49,100.0,Working,0.38,Major failure
2025-01-01 01:00:00,Server_8,34.89,52.53,68.81,16.15,100.0,Working,0.93,Major failure
2025-01-01 01:05:00,Server_10,48.28,55.2,70.99,27.73,101.85,Failed,0.55,No issues
2025-01-01 01:10:00,Server_6,64.37,54.83,60.6,27.16,106.21,Working,0.58,Minor issues
2025-01-01 01:15:00,Server_5,32.02,64.81,60.64,25.0,100.0,Working,0.57,Major failure
2025-01-01 01:20:00,Server_8,76.13,36.12,82.55,28.43,101.86,Working,0.65,Major failure
2025-01-01 01:25:00,Server_6,43.49,72.29,86.28,27.97,104.63,Working,0.36,Major failure
2025-01-01 01:30:00,Server_1,74.98,59.12,70.19,22.42,110.05,Degraded,0.39,Major failure
2025-01-01 01:35:00,Server_1,42.36,75.44,47.76,25.45,100.0,Working,0.93,Minor issues
2025-01-01 01:40:00,Server_6,46.55,70.41,82.68,34.57,113.3,Working,0.79,Minor issues
2025-01-01 01:45:00,Server_8,26.98,63.82,85.08,18.85,100.0,Working,0.57,No issues
2025-01-01 01:50:00,Server_9,86.27,51.48,74.49,32.31,121.66,Working,0.21,Minor issues
2025-01-01 01:55:00,Server_2,40.8,62.31,62.57,25.71,100.0,Working,0.72,No issues
2025-01-01 02:00:00,Server_9,40.82,65.17,79.16,26.17,103.5,Working,0.79,Minor issues
2025-01-01 02:05:00,Server_4,31.41,64.21,74.64,23.32,100.0,Working,0.29,Major failure
2025-01-01 02:10:00,Server_5,32.18,60.55,76.19,28.77,100.0,Degraded,0.76,No issues
2025-01-01 02:15:00,Server_2,55.17,68.21,73.01,25.55,100.04,Working,0.97,No issues
2025-01-01 02:20:00,Server_7,78.82,49.57,52.19,17.3,107.72,Working,0.07,Minor issues
2025-01-01 02:25:00,Server_6,57.25,66.97,81.29,28.59,107.03,Working,0.93,No issues
2025-01-01 02:30:00,Server_7,48.05,55.17,64.37,15.08,102.89,Working,0.84,No issues
2025-01-01 02:35:00,Server_2,49.94,66.42,62.4,32.09,102.6,Working,0.13,No issues
2025-01-01 02:40:00,Server_10,58.73,61.41,68.16,22.04,104.56,Working,0.48,No issues
2025-01-01 02:45:00,Server_2,42.87,60.95,75.99,23.69,100.0,Working,0.63,No issues
2025-01-01 02:50:00,Server_8,54.84,48.56,58.2,23.14,100.0,Working,0.35,No issues
2025-01-01 02:55:00,Server_8,57.44,49.49,80.23,29.56,112.5,Degraded,0.98,Minor issues
2025-01-01 03:00:00,Server_3,70.45,57.78,58.98,22.52,107.1,Degraded,0.9,No issues
2025-01-01 03:05:00,Server_9,69.71,79.42,58.31,26.6,118.3,Working,0.39,Minor issues
2025-01-01 03:10:00,Server_5,47.45,58.29,57.14,27.87,100.0,Working,0.29,No issues
2025-01-01 03:15:00,Server_1,31.36,45.12,55.89,24.72,100.0,Working,0.72,Major failure
2025-01-01 03:20:00,Server_2,68.88,69.33,71.66,21.31,108.53,Working,0.32,Major failure
2025-01-01 03:25:00,Server_5,69.22,52.55,67.23,25.43,109.34,Working,0.54,Minor issues
2025-01-01 03:30:00,Server_3,35.98,58.27,69.8,17.69,100.0,Degraded,0.49,Major failure
2025-01-01 03:35:00,Server_7,39.18,69.51,75.49,16.45,100.0,Working,0.22,No issues
2025-01-01 03:40:00,Server_4,61.75,66.0,66.28,25.58,118.39,Working,0.59,Major failure
2025-01-01 03:45:00,Server_9,28.82,71.4,69.62,26.74,100.0,Working,0.21,No issues
2025-01-01 03:50:00,Server_10,45.81,73.89,76.33,27.24,100.0,Working,0.63,Major failure
2025-01-01 03:55:00,Server_1,78.04,63.88,63.28,22.09,109.47,Working,0.01,Minor issues
2025-01-01 04:00:00,Server_5,57.55,41.26,68.08,30.69,100.67,Working,0.74,Minor issues
2025-01-01 04:05:00,Server_10,40.42,40.59,71.67,26.97,100.0,Working,0.95,No issues
2025-01-01 04:10:00,Server_1,47.82,60.98,68.62,28.08,102.44,Working,0.46,No issues
2025-01-01 04:15:00,Server_3,49.72,61.42,60.38,31.47,100.0,Working,0.96,No issues
2025-01-01 04:20:00,Server_2,68.09,76.04,88.31,23.03,109.68,Working,0.91,Minor issues
2025-01-01 04:25:00,Server_2,22.3,66.2,59.73,27.74,100.0,Working,1.0,Minor issues
2025-01-01 04:30:00,Server_2,44.1,53.61,65.7,27.97,100.0,Working,0.03,No issues
2025-01-01 04:35:00,Server_4,23.88,68.54,68.03,33.89,100.0,Degraded,0.9,No issues
2025-01-01 04:40:00,Server_4,53.05,55.29,68.08,28.89,101.88,Working,0.89,No issues
2025-01-01 04:45:00,Server_10,32.95,73.54,64.18,22.52,100.0,Working,0.42,No issues
2025-01-01 04:50:00,Server_7,53.86,52.1,83.35,24.3,105.46,Failed,0.64,Minor issues
2025-01-01 04:55:00,Server_4,47.55,60.13,76.48,33.63,103.17,Working,0.81,Major failure
2025-01-01 05:00:00,Server_4,28.52,60.41,56.32,23.13,100.0,Working,0.39,Major failure
2025-01-01 05:05:00,Server_8,39.46,70.61,77.19,34.26,100.0,Working,0.63,Minor issues
2025-01-01 05:10:00,Server_4,30.67,61.82,65.54,27.49,104.2,Working,0.19,No issues
2025-01-01 05:15:00,Server_3,59.36,59.64,75.5,28.37,108.39,Failed,0.21,No issues
2025-01-01 05:20:00,Server_2,65.44,48.1,79.4,24.49,109.0,Working,0.53,Minor issues
2025-01-01 05:25:00,Server_8,49.81,59.95,78.26,26.97,104.07,Working,0.19,Major failure
2025-01-01 05:30:00,Server_10,70.47,48.09,71.38,15.0,108.16,Working,0.49,No issues
2025-01-01 05:35:00,Server_1,31.54,78.22,59.54,22.82,100.0,Working,0.25,No issues
2025-01-01 05:40:00,Server_5,32.49,74.69,70.0,24.86,100.0,Working,0.06,Major failure
2025-01-01 05:45:00,Server_9,45.57,67.31,72.58,24.24,100.92,Working,0.67,Minor issues
2025-01-01 05:50:00,Server_1,50.15,67.11,67.51,34.74,108.77,Working,0.03,No issues
2025-01-01 05:55:00,Server_5,69.3,56.33,75.03,15.0,111.67,Working,0.87,Minor issues
2025-01-01 06:00:00,Server_1,64.28,53.3,68.09,15.77,102.35,Working,0.09,No issues
2025-01-01 06:05:00,Server_6,67.69,55.5,71.24,29.47,117.22,Working,0.03,Major failure
2025-01-01 06:10:00,Server_7,36.93,68.87,56.04,28.02,100.0,Degraded,0.69,Major failure
2025-01-01 06:15:00,Server_5,59.56,59.65,82.4,16.24,115.8,Working,0.32,Major failure
2025-01-01 06:20:00,Server_5,41.43,70.72,71.86,16.98,104.26,Working,0.28,Major failure
2025-01-01 06:25:00,Server_3,65.8,53.5,69.25,24.57,108.24,Working,0.43,Minor issues
2025-01-01 06:30:00,Server_2,57.36,59.96,82.19,21.85,104.17,Working,0.28,Major failure
2025-01-01 06:35:00,Server_10,66.19,60.27,77.37,27.36,102.75,Working,0.14,Minor issues
2025-01-01 06:40:00,Server_8,25.77,62.45,72.26,24.31,100.0,Working,0.67,Minor issues
2025-01-01 06:45:00,Server_8,44.31,57.72,62.15,24.42,100.0,Working,0.72,No issues
2025-01-01 06:50:00,Server_1,36.78,55.22,58.78,22.36,101.72,Working,0.06,Minor issues
2025-01-01 06:55:00,Server_2,36.66,47.3,75.12,27.42,100.0,Working,0.31,Minor issues
2025-01-01 07:00:00,Server_3,31.92,56.24,50.56,22.88,100.0,Working,0.78,Major failure
2025-01-01 07:05:00,Server_4,73.4,56.52,56.94,23.51,111.28,Working,0.14,Minor issues
2025-01-01 07:10:00,Server_1,42.26,45.08,84.82,17.36,100.0,Working,0.2,Major failure
2025-01-01 07:15:00,Server_3,52.46,46.78,73.57,25.96,100.0,Working,0.89,No issues
2025-01-01 07:20:00,Server_7,36.0,47.24,76.47,25.02,100.0,Working,0.22,Minor issues
2025-01-01 07:25:00,Server_1,30.7,47.98,54.66,27.67,100.0,Working,0.09,Major failure
2025-01-01 07:30:00,Server_5,47.28,77.61,76.61,28.14,104.88,Working,0.76,No issues
2025-01-01 07:35:00,Server_10,34.6,62.2,83.56,35.5,100.0,Working,0.82,Major failure
2025-01-01 07:40:00,Server_9,54.27,42.03,79.71,25.86,100.0,Working,0.7,Major failure
2025-01-01 07:45:00,Server_8,70.17,45.73,57.29,28.52,102.83,Working,0.69,Minor issues
2025-01-01 07:50:00,Server_7,74.06,43.41,67.81,22.3,107.47,Working,0.14,No issues
2025-01-01 07:55:00,Server_3,63.02,65.87,64.42,22.3,106.75,Working,0.42,Minor issues
2025-01-01 08:00:00,Server_9,54.69,74.82,74.81,26.22,105.04,Working,0.76,Major failure
2025-01-01 08:05:00,Server_10,37.67,78.42,60.49,23.71,100.0,Working,0.71,Minor issues
2025-01-01 08:10:00,Server_8,62.78,59.16,72.77,32.45,100.38,Working,0.2,No issues
2025-01-01 08:15:00,Server_7,65.96,57.78,69.89,17.77,107.26,Working,0.22,Major failure
2025-01-01 08:20:00,Server_4,35.88,66.54,75.07,26.91,100.0,Degraded,0.23,No issues
2025-01-01 08:25:00,Server_8,56.94,46.24,72.79,23.11,104.71,Working,0.76,Minor issues
2025-01-01 08:30:00,Server_9,69.15,76.2,60.88,21.44,117.89,Working,0.04,Minor issues
2025-01-01 08:35:00,Server_9,50.97,57.52,83.72,26.95,100.0,Working,0.99,No issues
2025-01-01 08:40:00,Server_9,42.7,45.42,57.37,19.74,100.0,Working,0.24,No issues
2025-01-01 08:45:00,Server_9,51.72,67.58,75.84,17.65,102.39,Working,0.81,Major failure
2025-01-01 08:50:00,Server_7,49.18,55.39,62.94,23.04,100.0,Working,0.72,No issues
2025-01-01 08:55:00,Server_7,42.4,37.29,86.48,26.0,100.0,Working,0.61,No issues
2025-01-01 09:00:00,Server_5,63.23,42.16,74.74,23.5,104.2,Failed,0.92,Major failure
2025-01-01 09:05:00,Server_5,29.12,66.09,67.37,28.47,100.0,Working,0.88,No issues
2025-01-01 09:10:00,Server_1,53.46,60.98,68.49,18.58,103.77,Working,0.75,Minor issues
2025-01-01 09:15:00,Server_6,37.65,48.67,58.35,19.8,100.0,Working,0.95,No issues
2025-01-01 09:20:00,Server_1,70.23,70.47,88.39,19.93,115.02,Working,0.34,Minor issues
2025-01-01 09:25:00,Server_1,47.06,60.41,65.43,27.55,100.0,Degraded,0.8,Minor issues
2025-01-01 09:30:00,Server_1,74.68,55.97,64.42,22.35,110.81,Working,0.85,Major failure
2025-01-01 09:35:00,Server_8,80.78,60.44,54.4,16.4,115.41,Working,0.83,No issues
2025-01-01 09:40:00,Server_5,24.7,71.17,50.63,32.22,100.0,Working,0.0,Minor issues
2025-01-01 09:45:00,Server_1,52.46,75.28,71.48,21.94,100.0,Working,0.87,No issues
2025-01-01 09:50:00,Server_2,44.51,59.06,65.4,29.3,105.92,Failed,0.19,Minor issues
2025-01-01 09:55:00,Server_10,57.24,65.21,67.86,29.62,100.0,Working,0.35,Major failure
2025-01-01 10:00:00,Server_2,68.2,47.24,84.19,24.29,111.9,Degraded,0.79,Minor issues
2025-01-01 10:05:00,Server_2,54.37,46.31,81.03,24.03,105.83,Working,0.4,Major failure
2025-01-01 10:10:00,Server_4,70.72,44.77,73.38,19.84,109.09,Working,0.17,Minor issues
2025-01-01 10:15:00,Server_4,14.28,62.71,81.53,22.65,100.0,Working,0.21,Minor issues
2025-01-01 10:20:00,Server_3,35.51,60.29,73.45,26.27,100.0,Working,0.8,Minor issues
2025-01-01 10:25:00,Server_7,90.13,64.13,85.5,22.4,127.82,Working,0.46,No issues
2025-01-01 10:30:00,Server_2,19.94,73.06,55.48,16.54,100.0,Working,0.34,Major failure
2025-01-01 10:35:00,Server_8,38.11,56.43,72.56,24.28,100.0,Working,0.29,No issues
2025-01-01 10:40:00,Server_3,33.93,47.5,63.03,33.95,100.0,Working,0.67,No issues
2025-01-01 10:45:00,Server_1,41.06,75.04,48.51,27.78,100.0,Working,0.6,Major failure
2025-01-01 10:50:00,Server_5,47.67,57.39,66.2,24.16,102.41,Working,0.48,Major failure
2025-01-01 10:55:00,Server_4,65.68,73.29,55.31,25.61,114.82,Working,0.64,Minor issues
2025-01-01 11:00:00,Server_4,50.74,61.46,84.24,30.68,106.71,Working,0.89,Major failure
2025-01-01 11:05:00,Server_9,44.47,51.92,82.97,26.84,100.0,Working,0.48,No issues
2025-01-01 11:10:00,Server_1,39.18,60.99,82.72,27.76,100.0,Working,0.19,Major failure
2025-01-01 11:15:00,Server_4,33.4,56.35,67.49,25.59,100.0,Failed,0.08,Minor issues
2025-01-01 11:20:00,Server_4,52.84,41.72,84.8,24.31,100.0,Working,0.52,Major failure
2025-01-01 11:25:00,Server_5,28.42,43.01,76.15,32.67,100.0,Failed,0.84,No issues
2025-01-01 11:30:00,Server_5,80.45,68.93,63.72,25.34,117.29,Working,0.1,Major failure
2025-01-01 11:35:00,Server_8,29.84,56.71,58.46,28.43,100.0,Working,0.03,Minor issues
2025-01-01 11:40:00,Server_3,38.93,76.15,90.25,24.94,108.52,Working,0.41,Major failure
2025-01-01 11:45:00,Server_2,35.41,58.59,72.6,22.1,100.0,Working,0.23,Minor issues
2025-01-01 11:50:00,Server_4,40.35,62.14,67.98,20.44,108.05,Working,0.92,Major failure
2025-01-01 11:55:00,Server_6,62.69,60.15,65.9,19.88,110.72,Working,0.87,No issues
2025-01-01 12:00:00,Server_8,50.57,54.24,83.17,15.0,100.0,Working,0.6,No issues
2025-01-01 12:05:00,Server_3,22.24,53.97,67.61,25.75,100.0,Degraded,0.6,Major failure
2025-01-01 12:10:00,Server_4,49.51,45.0,57.4,32.41,100.0,Working,0.27,Minor issues
2025-01-01 12:15:00,Server_6,58.88,58.95,58.88,25.09,102.41,Working,0.99,Minor issues
2025-01-01 12:20:00,Server_6,51.09,57.23,76.99,21.22,100.0,Working,0.06,Major failure
2025-01-01 12:25:00,Server_5,45.38,50.66,66.02,26.72,100.0,Working,0.78,Major failure
2025-01-01 12:30:00,Server_2,28.8,53.18,81.3,25.9,100.0,Working,0.9,No issues
2025-01-01 12:35:00,Server_6,64.55,60.77,81.28,15.32,106.47,Working,0.11,Major failure
2025-01-01 12:40:00,Server_3,39.05,79.58,78.63,27.55,104.05,Failed,0.22,Minor issues
2025-01-01 12:45:00,Server_8,52.2,78.13,75.53,22.59,109.6,Working,0.19,Minor issues
2025-01-01 12:50:00,Server_4,62.95,64.48,68.32,18.78,108.86,Working,0.56,Major failure
2025-01-01 12:55:00,Server_3,62.68,40.65,62.42,25.37,100.0,Working,0.26,Minor issues
2025-01-01 13:00:00,Server_6,46.8,81.95,70.9,36.06,109.61,Working,0.32,Major failure
2025-01-01 13:05:00,Server_2,10.97,47.36,76.89,27.63,100.0,Working,0.94,Minor issues
2025-01-01 13:10:00,Server_5,48.32,59.83,57.92,38.85,100.0,Working,0.94,Major failure
2025-01-01 13:15:00,Server_3,40.0,48.93,61.89,24.84,100.0,Working,0.52,Major failure
2025-01-01 13:20:00,Server_6,30.33,59.47,68.25,26.27,100.0,Working,0.36,Major failure
2025-01-01 13:25:00,Server_3,70.02,60.96,66.09,25.77,115.14,Degraded,0.93,Major failure
2025-01-01 13:30:00,Server_9,62.27,67.72,73.38,22.36,115.64,Working,0.43,No issues
2025-01-01 13:35:00,Server_10,53.58,71.35,73.74,25.73,101.64,Working,0.78,No issues
2025-01-01 13:40:00,Server_10,34.0,53.28,70.7,26.33,100.0,Working,0.27,No issues
2025-01-01 13:45:00,Server_3,48.7,69.11,72.11,17.57,100.0,Working,0.87,Major failure
2025-01-01 13:50:00,Server_8,43.34,59.52,60.19,25.98,100.0,Working,0.28,Major failure
2025-01-01 13:55:00,Server_8,40.96,66.18,77.39,30.39,105.23,Working,0.65,No issues
2025-01-01 14:00:00,Server_3,59.6,59.04,77.0,30.32,100.0,Working,0.69,No issues
2025-01-01 14:05:00,Server_7,63.59,47.39,58.94,24.07,102.22,Working,0.76,No issues
2025-01-01 14:10:00,Server_8,69.77,64.64,58.56,32.85,114.7,Failed,0.43,Minor issues
2025-01-01 14:15:00,Server_1,55.24,64.81,71.44,33.53,105.59,Degraded,0.1,Major failure
2025-01-01 14:20:00,Server_9,69.26,63.53,72.9,22.8,109.92,Working,0.75,No issues
2025-01-01 14:25:00,Server_5,44.23,64.47,87.02,23.18,104.43,Working,0.68,No issues
2025-01-01 14:30:00,Server_7,47.83,76.91,75.55,24.06,106.82,Working,0.57,Major failure
2025-01-01 14:35:00,Server_10,43.13,76.4,66.12,23.1,100.0,Working,0.14,Major failure
2025-01-01 14:40:00,Server_4,44.81,66.74,82.53,26.96,102.89,Working,0.11,Major failure
2025-01-01 14:45:00,Server_1,53.35,52.47,54.81,30.31,100.0,Working,0.47,Minor issues
2025-01-01 14:50:00,Server_5,65.95,48.91,70.99,22.84,110.3,Working,0.47,Minor issues
2025-01-01 14:55:00,Server_4,28.77,59.0,72.53,22.52,100.0,Working,0.95,No issues
2025-01-01 15:00:00,Server_9,49.1,50.36,54.12,24.42,100.0,Working,0.89,No issues
2025-01-01 15:05:00,Server_7,73.55,59.53,68.81,19.1,120.07,Working,0.61,Major failure
2025-01-01 15:10:00,Server_9,66.36,43.52,63.47,22.34,103.84,Degraded,0.03,Major failure
2025-01-01 15:15:00,Server_4,62.13,52.9,40.46,23.79,101.79,Working,0.57,Minor issues
2025-01-01 15:20:00,Server_7,39.8,69.31,74.15,21.85,107.95,Degraded,0.34,No issues
2025-01-01 15:25:00,Server_8,40.85,57.61,66.54,21.36,101.21,Working,0.88,Minor issues
2025-01-01 15:30:00,Server_6,48.69,56.75,64.75,21.72,100.0,Working,0.04,Major failure
2025-01-01 15:35:00,Server_10,75.95,70.45,78.76,18.28,124.63,Working,0.21,No issues
2025-01-01 15:40:00,Server_5,55.87,42.5,77.67,31.93,101.35,Working,0.61,Minor issues
2025-01-01 15:45:00,Server_10,16.44,70.66,52.74,26.2,100.0,Working,0.49,Minor issues
2025-01-01 15:50:00,Server_3,49.01,40.82,65.91,27.06,100.0,Working,0.96,Minor issues
2025-01-01 15:55:00,Server_4,52.24,50.63,65.95,25.4,102.09,Degraded,0.86,Minor issues
2025-01-01 16:00:00,Server_1,37.45,56.36,63.02,21.35,100.0,Working,0.4,No issues
2025-01-01 16:05:00,Server_9,57.39,52.71,77.31,27.23,103.99,Working,0.69,No issues
2025-01-01 16:10:00,Server_3,58.87,63.03,76.75,28.24,103.18,Working,0.41,No issues
2025-01-01 16:15:00,Server_10,61.38,56.61,48.64,22.17,102.72,Degraded,0.98,No issues
2025-01-01 16:20:00,Server_4,65.91,57.11,75.47,28.67,105.54,Working,0.02,Major failure
2025-01-01 16:25:00,Server_8,64.07,45.02,70.47,22.39,103.79,Working,0.68,Minor issues
2025-01-01 16:30:00,Server_9,37.39,63.94,70.04,24.52,100.0,Failed,0.67,Major failure
2025-01-01 16:35:00,Server_4,26.11,62.15,71.82,34.44,100.52,Working,0.49,Minor issues
2025-01-01 16:40:00,Server_6,35.57,53.14,78.63,20.0,100.0,Working,0.36,Minor issues
2025-01-01 16:45:00,Server_6,67.64,72.96,67.58,33.39,118.0,Working,0.71,Minor issues
2025-01-01 16:50:00,Server_5,48.95,58.12,69.37,17.72,100.0,Working,0.45,No issues
2025-01-01 16:55:00,Server_2,54.56,59.73,68.64,30.34,110.37,Working,0.83,No issues
2025-01-01 17:00:00,Server_10,57.45,61.09,82.85,17.68,100.77,Working,0.35,Major failure
2025-01-01 17:05:00,Server_6,50.55,53.13,75.2,27.29,102.5,Working,1.0,No issues
2025-01-01 17:10:00,Server_8,62.58,46.74,68.3,21.3,101.16,Working,0.17,No issues
2025-01-01 17:15:00,Server_4,58.33,56.45,82.12,23.34,103.75,Working,0.58,No issues
2025-01-01 17:20:00,Server_1,34.31,48.06,59.87,22.64,100.0,Working,0.24,No issues
2025-01-01 17:25:00,Server_3,32.05,53.01,66.8,28.51,100.0,Working,0.36,Major failure
2025-01-01 17:30:00,Server_9,23.45,42.8,57.18,27.14,100.0,Working,0.66,Major failure
2025-01-01 17:35:00,Server_1,35.92,68.61,63.2,26.56,100.0,Degraded,0.68,Minor issues
2025-01-01 17:40:00,Server_1,53.44,63.43,64.66,22.69,100.0,Working,0.07,No issues
2025-01-01 17:45:00,Server_2,42.48,73.45,88.81,25.36,101.61,Working,0.65,Minor issues
2025-01-01 17:50:00,Server_10,50.32,59.58,76.76,21.52,105.24,Working,1.0,Minor issues
2025-01-01 17:55:00,Server_8,70.4,68.57,61.96,15.63,114.02,Degraded,0.94,No issues
2025-01-01 18:00:00,Server_2,45.41,59.89,68.63,28.38,104.49,Working,0.63,No issues
2025-01-01 18:05:00,Server_1,48.15,51.47,54.53,19.2,100.0,Working,0.4,Minor issues
2025-01-01 18:10:00,Server_3,76.11,52.7,83.99,30.35,117.74,Working,0.02,Major failure
2025-01-01 18:15:00,Server_10,23.84,61.94,59.47,24.7,100.0,Working,0.66,No issues
2025-01-01 18:20:00,Server_2,54.74,70.24,68.22,27.01,104.96,Degraded,0.88,No issues
2025-01-01 18:25:00,Server_10,54.12,45.87,65.7,21.83,100.0,Working,0.53,Major failure
2025-01-01 18:30:00,Server_9,37.99,49.46,67.92,29.96,100.0,Working,0.65,No issues
2025-01-01 18:35:00,Server_5,26.38,74.14,59.27,19.56,100.0,Working,0.68,Major failure
2025-01-01 18:40:00,Server_4,62.69,66.76,82.06,36.02,105.23,Working,0.82,Minor issues
2025-01-01 18:45:00,Server_1,16.54,50.36,61.35,33.19,100.0,Working,0.04,No issues
2025-01-01 18:50:00,Server_1,63.81,64.74,71.33,33.58,108.33,Working,0.75,Minor issues
2025-01-01 18:55:00,Server_9,60.2,61.39,81.81,24.56,100.0,Working,0.72,No issues
2025-01-01 19:00:00,Server_1,36.78,63.27,70.41,24.23,100.0,Working,0.61,Major failure
2025-01-01 19:05:00,Server_3,100.0,63.06,64.33,33.17,127.84,Working,0.69,Major failure
2025-01-01 19:10:00,Server_8,44.95,67.2,67.4,28.39,101.23,Working,0.72,Major failure
2025-01-01 19:15:00,Server_10,65.1,47.86,50.73,23.94,105.26,Working,0.45,Major failure
2025-01-01 19:20:00,Server_5,58.96,41.26,51.13,21.31,100.0,Working,0.06,Major failure
2025-01-01 19:25:00,Server_5,72.69,54.77,85.23,30.91,115.8,Working,0.81,Major failure
2025-01-01 19:30:00,Server_2,45.93,48.6,60.07,25.66,100.11,Working,0.47,No issues
2025-01-01 19:35:00,Server_9,36.39,68.94,89.42,30.51,104.96,Working,0.27,No issues
2025-01-01 19:40:00,Server_5,74.62,63.7,61.69,21.49,106.53,Working,0.98,Major failure
2025-01-01 19:45:00,Server_3,69.27,58.66,64.03,27.31,104.12,Working,0.34,Minor issues
2025-01-01 19:50:00,Server_5,61.31,44.28,71.95,18.24,100.0,Working,0.64,Minor issues
2025-01-01 19:55:00,Server_4,18.17,51.55,74.23,27.68,100.0,Working,0.44,Minor issues
2025-01-01 20:00:00,Server_9,19.64,55.46,72.38,29.26,100.0,Working,0.86,Major failure
2025-01-01 20:05:00,Server_2,15.63,64.87,58.2,26.63,100.0,Working,0.93,No issues
2025-01-01 20:10:00,Server_1,45.95,49.87,69.39,21.45,100.0,Working,0.22,No issues
2025-01-01 20:15:00,Server_9,53.84,70.89,59.31,20.92,104.75,Working,0.05,No issues
2025-01-01 20:20:00,Server_2,64.48,63.3,65.01,17.66,104.24,Working,0.31,Major failure
2025-01-01 20:25:00,Server_5,45.39,62.46,75.87,29.92,103.11,Working,0.16,Minor issues
2025-01-01 20:30:00,Server_3,71.86,60.79,70.64,26.16,113.8,Working,0.04,Minor issues
2025-01-01 20:35:00,Server_7,32.03,53.47,80.92,28.6,100.0,Working,0.44,No issues
2025-01-01 20:40:00,Server_6,64.29,61.4,51.08,23.14,108.09,Working,0.76,Minor issues
2025-01-01 20:45:00,Server_7,53.68,50.44,86.61,29.37,100.0,Working,0.46,Minor issues
2025-01-01 20:50:00,Server_1,45.82,48.02,77.23,27.05,103.48,Working,0.26,No issues
2025-01-01 20:55:00,Server_5,21.11,72.95,68.88,17.81,100.0,Working,0.34,No issues
2025-01-01 21:00:00,Server_5,75.72,57.73,79.9,32.11,116.06,Working,0.73,Minor issues
2025-01-01 21:05:00,Server_7,68.31,58.91,56.39,29.05,108.79,Working,0.92,Major failure
2025-01-01 21:10:00,Server_6,67.07,60.47,58.45,30.31,106.56,Working,0.94,No issues
2025-01-01 21:15:00,Server_3,45.44,51.01,63.76,33.7,100.0,Working,0.0,Minor issues
2025-01-01 21:20:00,Server_3,54.81,62.12,81.19,28.58,109.85,Working,0.73,Minor issues
2025-01-01 21:25:00,Server_9,69.33,48.69,74.34,15.07,108.24,Failed,0.37,Minor issues
2025-01-01 21:30:00,Server_4,47.62,58.87,77.06,24.37,101.27,Working,0.69,Major failure
2025-01-01 21:35:00,Server_6,55.92,68.49,66.02,29.1,107.5,Failed,0.68,No issues
2025-01-01 21:40:00,Server_4,70.22,52.15,61.87,31.85,109.63,Working,0.7,Minor issues
2025-01-01 21:45:00,Server_9,85.96,46.44,83.88,19.56,121.88,Working,0.98,Major failure
2025-01-01 21:50:00,Server_9,55.85,42.06,70.11,20.79,100.0,Working,0.87,Major failure
2025-01-01 21:55:00,Server_6,59.83,60.8,77.37,23.78,100.75,Working,0.38,Minor issues
2025-01-01 22:00:00,Server_5,33.19,61.08,59.29,24.55,100.0,Degraded,0.75,Minor issues
2025-01-01 22:05:00,Server_1,92.89,35.37,65.09,26.19,114.41,Working,0.43,Minor issues
2025-01-01 22:10:00,Server_8,35.66,53.68,47.61,28.15,100.0,Working,0.14,Minor issues
2025-01-01 22:15:00,Server_9,55.07,65.19,64.93,19.61,102.47,Working,0.14,Minor issues
2025-01-01 22:20:00,Server_7,52.32,47.49,79.43,25.45,100.0,Working,0.27,No issues
2025-01-01 22:25:00,Server_4,42.52,46.32,79.52,24.01,100.0,Working,0.14,Minor issues
2025-01-01 22:30:00,Server_3,47.25,76.43,69.4,27.12,104.81,Working,0.03,Minor issues
2025-01-01 22:35:00,Server_6,59.99,51.43,77.51,28.24,100.0,Working,0.97,No issues
2025-01-01 22:40:00,Server_2,22.85,51.93,61.15,22.16,100.0,Working,0.72,Minor issues
2025-01-01 22:45:00,Server_5,55.15,51.52,72.94,29.57,105.13,Working,0.55,No issues
2025-01-01 22:50:00,Server_7,60.57,47.11,72.41,25.26,100.0,Working,0.74,Major failure
2025-01-01 22:55:00,Server_9,48.02,58.24,61.76,26.83,100.0,Working,0.21,No issues
2025-01-01 23:00:00,Server_6,21.98,46.19,69.29,20.45,100.0,Working,0.92,No issues
2025-01-01 23:05:00,Server_2,47.61,60.99,75.33,23.04,100.0,Failed,0.7,Minor issues
2025-01-01 23:10:00,Server_3,28.94,68.88,65.92,16.91,100.0,Working,0.16,Minor issues
2025-01-01 23:15:00,Server_2,21.19,42.3,77.1,26.36,100.0,Degraded,0.73,Major failure
2025-01-01 23:20:00,Server_9,37.44,56.84,66.26,30.29,100.0,Working,0.09,Minor issues
2025-01-01 23:25:00,Server_9,30.14,70.41,60.74,26.67,100.0,Working,0.42,Minor issues
2025-01-01 23:30:00,Server_7,69.86,60.71,92.14,21.71,111.98,Working,0.91,Major failure
2025-01-01 23:35:00,Server_2,59.47,65.0,63.43,25.91,100.46,Working,0.22,Major failure
2025-01-01 23:40:00,Server_10,64.96,61.79,83.69,21.59,106.33,Working,0.12,No issues
2025-01-01 23:45:00,Server_3,56.03,57.63,64.8,28.39,100.0,Working,0.12,Major failure
2025-01-01 23:50:00,Server_1,42.35,65.62,81.78,26.67,107.82,Working,0.64,No issues
2025-01-01 23:55:00,Server_10,50.96,60.74,60.55,26.18,100.32,Working,0.8,Major failure
2025-01-02 00:00:00,Server_1,46.32,66.34,69.29,24.58,101.31,Working,0.62,Major failure
2025-01-02 00:05:00,Server_8,17.65,50.36,82.11,24.61,100.0,Working,0.68,Major failure
2025-01-02 00:10:00,Server_6,55.46,62.81,63.73,29.26,100.0,Working,0.88,No issues
2025-01-02 00:15:00,Server_8,44.65,64.22,54.68,28.64,100.0,Degraded,0.1,No issues
2025-01-02 00:20:00,Server_2,53.58,55.93,71.56,32.0,106.98,Working,0.16,Minor issues
2025-01-02 00:25:00,Server_6,33.95,50.52,90.59,38.08,100.0,Working,0.57,Major failure
2025-01-02 00:30:00,Server_3,28.42,59.42,80.08,28.73,100.0,Working,0.47,Major failure
2025-01-02 00:35:00,Server_6,60.61,64.29,64.06,18.3,100.0,Working,0.29,No issues
2025-01-02 00:40:00,Server_10,53.2,62.72,74.56,23.64,108.22,Working,0.15,Major failure
2025-01-02 00:45:00,Server_9,63.74,77.6,66.54,23.4,123.06,Working,0.06,No issues
2025-01-02 00:50:00,Server_7,49.09,44.13,82.33,30.01,100.0,Working,0.48,Major failure
2025-01-02 00:55:00,Server_7,81.79,73.46,92.05,20.31,123.38,Working,0.28,No issues
2025-01-02 01:00:00,Server_10,57.1,61.02,69.58,28.52,106.12,Working,0.43,Major failure
2025-01-02 01:05:00,Server_9,85.38,65.22,56.49,17.92,126.54,Working,0.54,No issues
2025-01-02 01:10:00,Server_2,39.13,59.32,72.43,20.3,100.49,Working,0.75,Major failure
2025-01-02 01:15:00,Server_5,47.07,65.84,58.67,28.59,101.06,Working,0.84,Major failure
2025-01-02 01:20:00,Server_7,63.72,63.29,94.23,15.43,119.99,Failed,0.83,Minor issues
2025-01-02 01:25:00,Server_6,43.82,67.06,88.01,24.05,100.0,Degraded,0.01,Major failure
2025-01-02 01:30:00,Server_10,44.7,74.49,43.3,33.39,100.0,Working,0.12,No issues
2025-01-02 01:35:00,Server_6,21.64,47.02,47.72,27.66,100.0,Working,0.74,Minor issues
2025-01-02 01:40:00,Server_1,68.68,61.59,56.96,23.16,112.21,Working,0.05,No issues
2025-01-02 01:45:00,Server_8,59.71,63.76,71.94,28.0,108.75,Working,0.44,Major failure
2025-01-02 01:50:00,Server_9,51.03,65.51,54.59,19.95,100.4,Working,0.1,Minor issues
2025-01-02 01:55:00,Server_4,50.75,59.16,76.69,22.35,100.0,Working,0.58,Major failure
2025-01-02 02:00:00,Server_9,66.11,56.93,66.73,27.36,120.24,Degraded,0.9,No issues
2025-01-02 02:05:00,Server_5,64.99,49.47,80.71,26.06,106.39,Working,0.8,No issues
2025-01-02 02:10:00,Server_9,62.46,41.42,89.0,15.0,109.93,Working,0.88,Major failure
2025-01-02 02:15:00,Server_4,45.76,66.51,65.96,27.24,100.0,Working,0.87,Minor issues
2025-01-02 02:20:00,Server_10,35.33,64.48,66.62,19.57,100.0,Working,0.57,No issues
2025-01-02 02:25:00,Server_6,75.21,61.56,77.11,30.49,121.15,Working,0.99,No issues
2025-01-02 02:30:00,Server_8,69.12,47.94,70.89,25.09,114.52,Working,0.87,Major failure
2025-01-02 02:35:00,Server_7,55.76,76.25,72.91,30.18,118.58,Working,0.14,No issues
2025-01-02 02:40:00,Server_9,56.51,59.6,84.79,25.18,111.33,Failed,0.53,Minor issues
2025-01-02 02:45:00,Server_10,76.15,45.57,72.7,16.77,107.66,Working,0.94,Major failure
2025-01-02 02:50:00,Server_2,39.83,72.13,84.01,26.9,100.0,Working,0.51,No issues
2025-01-02 02:55:00,Server_2,30.36,81.16,50.79,15.0,100.0,Working,0.53,Major failure
2025-01-02 03:00:00,Server_6,43.68,56.78,57.82,15.43,100.0,Working,0.72,Major failure
2025-01-02 03:05:00,Server_10,59.8,78.33,55.6,29.92,112.85,Working,0.03,Minor issues
2025-01-02 03:10:00,Server_9,63.11,59.93,65.92,20.29,113.63,Working,0.29,Minor issues
2025-01-02 03:15:00,Server_9,62.67,77.59,61.09,36.47,111.55,Degraded,0.82,Minor issues
2025-01-02 03:20:00,Server_6,51.34,45.24,52.48,29.74,100.0,Working,0.16,No issues
2025-01-02 03:25:00,Server_1,48.8,56.34,65.78,23.15,100.0,Working,0.08,Minor issues
2025-01-02 03:30:00,Server_3,44.55,37.68,81.14,23.99,100.0,Working,0.34,Minor issues
2025-01-02 03:35:00,Server_5,44.84,73.88,64.29,27.31,104.28,Failed,0.64,Major failure
2025-01-02 03:40:00,Server_9,71.2,46.03,60.06,24.4,100.0,Working,0.56,Minor issues
2025-01-02 03:45:00,Server_8,62.68,58.09,45.64,23.45,108.14,Working,0.39,Major failure
2025-01-02 03:50:00,Server_8,65.74,65.53,70.58,20.64,112.77,Working,0.92,Major failure
2025-01-02 03:55:00,Server_4,8.83,56.28,83.65,25.05,100.0,Working,0.35,No issues
2025-01-02 04:00:00,Server_5,63.25,58.03,74.6,33.9,107.36,Working,0.74,Major failure
2025-01-02 04:05:00,Server_7,41.0,55.9,63.86,24.03,100.0,Failed,0.24,No issues
2025-01-02 04:10:00,Server_6,34.29,58.72,71.3,27.03,100.0,Working,0.28,Major failure
2025-01-02 04:15:00,Server_3,68.81,61.03,71.76,28.18,106.94,Working,0.66,No issues
2025-01-02 04:20:00,Server_2,54.58,69.16,56.63,23.73,104.05,Failed,0.27,No issues
2025-01-02 04:25:00,Server_10,49.11,53.23,77.59,27.9,100.0,Working,0.28,Major failure
2025-01-02 04:30:00,Server_8,38.48,50.18,77.59,25.96,100.0,Working,0.93,Minor issues
2025-01-02 04:35:00,Server_4,45.59,55.16,72.9,28.85,100.0,Degraded,0.55,Minor issues
2025-01-02 04:40:00,Server_8,60.31,74.14,74.84,30.87,114.64,Working,0.83,Major failure
2025-01-02 04:45:00,Server_5,55.43,47.86,76.93,20.75,105.57,Working,0.52,Major failure
2025-01-02 04:50:00,Server_10,52.81,61.66,66.58,36.37,104.87,Degraded,0.8,Minor issues
2025-01-02 04:55:00,Server_1,48.45,72.03,84.1,18.3,104.17,Degraded,0.83,Major failure
2025-01-02 05:00:00,Server_6,35.64,65.01,69.53,21.35,100.0,Working,0.57,Major failure
2025-01-02 05:05:00,Server_10,71.74,49.57,77.37,18.02,105.37,Working,0.33,Major failure
2025-01-02 05:10:00,Server_3,43.66,68.54,61.69,20.66,103.71,Working,0.83,Minor issues
2025-01-02 05:15:00,Server_6,42.94,47.23,65.95,19.26,100.0,Failed,0.36,Major failure
2025-01-02 05:20:00,Server_2,61.81,65.68,59.88,28.05,111.0,Working,0.23,No issues
2025-01-02 05:25:00,Server_1,19.73,62.05,64.31,28.31,100.0,Working,0.4,No issues
2025-01-02 05:30:00,Server_2,57.96,62.13,72.19,28.0,101.21,Working,0.13,Major failure
2025-01-02 05:35:00,Server_10,47.22,49.63,88.16,20.28,101.79,Working,0.32,Major failure
2025-01-02 05:40:00,Server_6,73.15,57.88,66.34,25.32,111.74,Working,0.29,No issues
2025-01-02 05:45:00,Server_9,24.2,61.71,68.57,34.85,100.0,Working,0.28,Minor issues
2025-01-02 05:50:00,Server_6,51.91,73.79,72.61,40.0,107.11,Degraded,0.71,Minor issues
2025-01-02 05:55:00,Server_2,43.07,60.8,70.31,32.34,100.0,Working,0.64,No issues
2025-01-02 06:00:00,Server_5,55.9,40.51,81.75,26.71,100.0,Working,0.17,No issues
2025-01-02 06:05:00,Server_10,43.09,61.47,73.41,23.37,105.94,Degraded,0.82,No issues
2025-01-02 06:10:00,Server_3,28.14,61.78,64.05,23.22,100.0,Working,0.17,Major failure
2025-01-02 06:15:00,Server_3,55.54,56.19,80.02,19.69,101.79,Failed,0.14,Minor issues
2025-01-02 06:20:00,Server_4,45.46,71.28,74.19,25.53,101.76,Working,0.53,Minor issues
2025-01-02 06:25:00,Server_4,22.61,64.66,60.37,25.77,100.0,Working,0.13,Major failure
2025-01-02 06:30:00,Server_4,51.04,65.85,71.9,16.58,107.34,Working,0.84,Major failure
2025-01-02 06:35:00,Server_3,37.47,53.24,61.82,30.05,100.0,Working,0.87,Major failure
2025-01-02 06:40:00,Server_9,67.08,73.61,75.22,23.2,113.04,Degraded,0.11,No issues
2025-01-02 06:45:00,Server_9,54.68,49.99,60.73,23.18,100.0,Working,0.7,Minor issues
2025-01-02 06:50:00,Server_1,53.9,48.7,68.74,15.0,100.06,Degraded,0.62,Major failure
2025-01-02 06:55:00,Server_2,60.33,55.86,76.4,23.97,110.49,Working,0.51,No issues
2025-01-02 07:00:00,Server_10,41.41,61.32,57.13,25.32,100.0,Failed,0.43,Major failure
2025-01-02 07:05:00,Server_7,60.7,68.15,83.11,15.0,105.14,Working,0.43,Major failure
2025-01-02 07:10:00,Server_7,28.46,51.55,40.0,24.81,100.0,Working,0.24,Minor issues
2025-01-02 07:15:00,Server_1,35.27,75.64,86.5,32.12,109.49,Failed,0.1,No issues
2025-01-02 07:20:00,Server_1,43.73,77.25,78.67,35.84,105.0,Working,0.28,Major failure
2025-01-02 07:25:00,Server_1,77.87,56.96,73.11,15.0,110.08,Working,0.88,Major failure
2025-01-02 07:30:00,Server_2,33.3,56.0,78.33,28.51,100.0,Working,0.92,Major failure
2025-01-02 07:35:00,Server_5,50.04,57.47,75.37,15.0,100.0,Working,0.04,Minor issues
2025-01-02 07:40:00,Server_2,52.44,45.98,74.64,24.39,100.0,Failed,0.49,No issues
2025-01-02 07:45:00,Server_7,21.09,65.99,69.24,27.41,100.0,Working,0.43,No issues
2025-01-02 07:50:00,Server_10,58.93,68.42,75.34,33.93,114.29,Working,0.76,No issues
2025-01-02 07:55:00,Server_5,54.81,44.31,66.13,22.62,100.0,Working,0.31,Major failure
2025-01-02 08:00:00,Server_3,60.15,71.29,83.33,21.95,109.9,Working,0.22,No issues
2025-01-02 08:05:00,Server_9,66.22,64.12,62.64,19.24,104.16,Working,0.54,No issues
2025-01-02 08:10:00,Server_10,45.73,46.07,70.85,28.85,100.0,Working,0.92,No issues
2025-01-02 08:15:00,Server_3,62.73,60.1,69.11,32.79,103.64,Working,0.47,Minor issues
2025-01-02 08:20:00,Server_8,82.38,63.97,80.03,16.73,112.48,Working,0.8,Minor issues
2025-01-02 08:25:00,Server_3,28.88,65.1,85.6,29.32,102.66,Working,0.29,Major failure
2025-01-02 08:30:00,Server_4,49.23,47.74,72.28,21.52,100.0,Working,0.93,Minor issues
2025-01-02 08:35:00,Server_5,54.03,66.13,64.7,25.92,111.85,Working,0.35,No issues
2025-01-02 08:40:00,Server_3,46.21,68.71,85.73,27.81,106.78,Working,0.33,No issues
2025-01-02 08:45:00,Server_3,50.84,68.84,71.08,30.42,106.38,Working,0.26,Major failure
2025-01-02 08:50:00,Server_1,59.06,63.91,62.35,21.4,101.36,Working,0.01,No issues
2025-01-02 08:55:00,Server_4,38.63,59.76,63.49,21.98,100.0,Working,0.19,Major failure
2025-01-02 09:00:00,Server_8,38.02,68.64,68.43,28.51,100.0,Working,0.96,Minor issues
2025-01-02 09:05:00,Server_6,50.83,55.35,66.72,15.0,102.88,Working,0.23,Major failure
2025-01-02 09:10:00,Server_9,46.3,65.51,69.09,19.1,103.06,Working,0.26,No issues
2025-01-02 09:15:00,Server_10,43.03,66.01,76.18,27.44,102.06,Working,0.64,Minor issues
2025-01-02 09:20:00,Server_8,54.11,45.44,92.79,37.22,103.78,Working,0.61,Minor issues
2025-01-02 09:25:00,Server_2,72.96,75.46,71.93,26.71,109.76,Degraded,0.28,Major failure
2025-01-02 09:30:00,Server_5,54.59,42.43,72.68,22.63,100.0,Degraded,0.24,Minor issues
2025-01-02 09:35:00,Server_8,55.52,69.44,73.59,21.23,107.18,Working,0.23,Minor issues
2025-01-02 09:40:00,Server_2,19.5,71.64,65.75,36.5,100.0,Working,0.81,Minor issues
2025-01-02 09:45:00,Server_3,44.4,42.39,69.01,23.17,100.0,Working,0.85,Major failure
2025-01-02 09:50:00,Server_8,57.08,58.04,50.25,27.03,100.0,Working,0.79,No issues
2025-01-02 09:55:00,Server_8,68.63,80.71,92.29,18.3,123.91,Working,0.9,Major failure
2025-01-02 10:00:00,Server_7,22.37,49.61,55.72,23.36,100.0,Working,0.22,Minor issues
2025-01-02 10:05:00,Server_10,49.27,59.45,78.4,24.07,100.0,Working,0.16,Major failure
2025-01-02 10:10:00,Server_2,51.12,55.65,66.43,23.31,100.0,Working,0.17,Minor issues
2025-01-02 10:15:00,Server_2,73.1,62.94,82.32,20.05,114.79,Working,0.49,Minor issues
2025-01-02 10:20:00,Server_4,35.17,69.45,80.65,23.37,100.0,Working,0.16,Minor issues
2025-01-02 10:25:00,Server_7,68.56,48.28,69.13,29.94,103.05,Working,0.14,No issues
2025-01-02 10:30:00,Server_2,35.52,59.33,62.74,29.61,100.0,Working,0.18,Major failure
2025-01-02 10:35:00,Server_8,68.43,48.94,82.16,30.49,106.99,Working,0.2,No issues
2025-01-02 10:40:00,Server_1,27.8,63.5,51.08,22.39,100.0,Working,0.06,Minor issues
2025-01-02 10:45:00,Server_6,51.82,61.39,75.08,27.87,110.75,Working,0.63,Major failure
2025-01-02 10:50:00,Server_9,47.97,54.08,65.2,28.33,100.0,Working,0.2,Major failure
2025-01-02 10:55:00,Server_2,68.51,65.69,70.8,28.86,112.87,Working,0.11,Major failure
2025-01-02 11:00:00,Server_8,51.3,42.84,63.27,31.5,100.0,Working,0.7,Minor issues
2025-01-02 11:05:00,Server_3,51.84,74.35,83.0,26.59,108.12,Working,0.01,Minor issues
2025-01-02 11:10:00,Server_3,47.21,50.27,84.77,17.88,100.0,Working,0.3,No issues
2025-01-02 11:15:00,Server_4,47.86,53.91,81.95,25.29,100.0,Working,0.69,No issues
2025-01-02 11:20:00,Server_5,72.12,79.54,66.78,27.63,123.14,Working,0.75,No issues
2025-01-02 11:25:00,Server_10,35.59,53.74,64.35,23.64,100.0,Working,0.79,Minor issues
2025-01-02 11:30:00,Server_1,33.27,62.29,68.89,15.0,100.0,Degraded,0.22,No issues
2025-01-02 11:35:00,Server_10,28.17,59.52,52.82,23.91,100.0,Working,0.15,Minor issues
2025-01-02 11:40:00,Server_8,52.5,46.81,80.7,30.82,108.98,Working,0.81,Major failure
2025-01-02 11:45:00,Server_3,61.92,53.95,59.66,33.19,109.7,Degraded,0.28,No issues
2025-01-02 11:50:00,Server_2,52.34,53.16,78.91,24.73,100.52,Working,0.04,No issues
2025-01-02 11:55:00,Server_10,64.82,74.7,56.97,25.27,109.82,Working,0.38,Major failure
2025-01-02 12:00:00,Server_7,55.61,35.56,76.23,26.42,100.0,Working,0.0,No issues
2025-01-02 12:05:00,Server_9,32.12,59.96,73.8,25.35,100.0,Working,0.78,No issues
2025-01-02 12:10:00,Server_3,61.54,57.33,70.91,32.04,112.95,Working,0.25,No issues
2025-01-02 12:15:00,Server_5,77.25,62.48,68.83,26.37,116.5,Working,0.26,Major failure
2025-01-02 12:20:00,Server_5,85.93,65.07,73.89,18.47,119.69,Working,0.97,Minor issues
2025-01-02 12:25:00,Server_8,29.61,54.19,65.95,29.57,100.0,Working,0.28,Major failure
2025-01-02 12:30:00,Server_9,83.35,51.96,67.53,20.66,116.88,Working,0.29,Major failure
2025-01-02 12:35:00,Server_3,43.89,53.78,71.06,21.18,100.0,Working,0.18,Major failure
2025-01-02 12:40:00,Server_7,42.82,56.5,63.46,17.86,100.0,Working,0.56,No issues
2025-01-02 12:45:00,Server_2,49.92,55.51,78.87,17.59,106.16,Working,0.89,No issues
2025-01-02 12:50:00,Server_1,38.15,73.33,84.44,31.52,100.0,Working,0.34,Minor issues
2025-01-02 12:55:00,Server_9,60.13,65.85,68.53,20.22,102.22,Working,0.53,No issues
2025-01-02 13:00:00,Server_1,55.19,40.21,71.74,35.33,102.22,Working,0.31,No issues
2025-01-02 13:05:00,Server_3,67.96,50.53,73.8,27.96,100.0,Working,0.89,No issues
2025-01-02 13:10:00,Server_5,53.93,51.65,78.36,27.41,100.0,Working,0.07,No issues
2025-01-02 13:15:00,Server_9,42.66,64.87,66.03,19.21,100.0,Working,0.01,Minor issues
2025-01-02 13:20:00,Server_1,60.0,53.78,76.24,34.92,107.69,Working,0.03,No issues
2025-01-02 13:25:00,Server_8,44.91,48.91,89.35,27.32,106.69,Degraded,0.97,Major failure
2025-01-02 13:30:00,Server_3,60.5,56.48,78.16,15.0,110.31,Working,0.63,Minor issues
2025-01-02 13:35:00,Server_7,58.55,72.87,65.44,33.09,107.7,Working,0.81,Minor issues
2025-01-02 13:40:00,Server_8,53.37,61.3,79.49,25.19,100.0,Working,0.94,Major failure
2025-01-02 13:45:00,Server_7,66.19,70.31,68.31,24.39,106.24,Failed,0.74,No issues
2025-01-02 13:50:00,Server_7,46.8,66.71,95.04,27.19,103.2,Degraded,0.6,Minor issues
2025-01-02 13:55:00,Server_6,41.9,62.21,70.19,19.11,100.0,Working,0.63,Major failure
2025-01-02 14:00:00,Server_9,25.08,68.28,67.31,25.63,100.0,Working,0.36,Major failure
2025-01-02 14:05:00,Server_4,53.2,50.75,90.41,28.98,103.24,Working,0.51,Minor issues
2025-01-02 14:10:00,Server_9,32.73,69.39,60.16,35.06,107.74,Working,0.87,No issues
2025-01-02 14:15:00,Server_10,40.8,57.99,84.86,27.63,102.19,Working,0.57,No issues
2025-01-02 14:20:00,Server_9,21.47,60.52,68.11,18.47,100.0,Working,0.35,Minor issues
2025-01-02 14:25:00,Server_9,63.94,55.45,58.33,33.09,107.31,Working,0.36,Major failure
2025-01-02 14:30:00,Server_7,35.82,38.63,49.82,23.33,100.0,Working,0.55,Minor issues
2025-01-02 14:35:00,Server_4,76.11,57.19,71.41,30.17,110.53,Working,0.89,Major failure
2025-01-02 14:40:00,Server_10,69.78,49.68,81.87,26.87,109.48,Working,0.95,No issues
2025-01-02 14:45:00,Server_8,74.81,69.66,87.09,21.07,120.08,Working,0.83,Minor issues
2025-01-02 14:50:00,Server_9,49.57,54.06,82.51,21.39,100.0,Degraded,0.26,Major failure
2025-01-02 14:55:00,Server_9,60.99,75.61,63.71,19.92,115.86,Working,0.45,No issues
2025-01-02 15:00:00,Server_10,38.83,57.28,74.54,31.98,100.0,Working,0.78,Minor issues
2025-01-02 15:05:00,Server_2,55.02,70.61,74.29,35.62,103.34,Working,0.21,Minor issues
2025-01-02 15:10:00,Server_7,64.46,59.81,77.06,25.9,103.72,Working,0.8,Major failure
2025-01-02 15:15:00,Server_6,39.41,49.7,81.52,21.56,100.0,Working,0.38,Minor issues
2025-01-02 15:20:00,Server_7,25.13,37.09,74.91,18.92,100.0,Working,0.48,No issues
2025-01-02 15:25:00,Server_3,33.41,63.27,75.72,30.74,100.89,Working,0.71,Major failure
2025-01-02 15:30:00,Server_2,39.49,73.19,66.43,29.63,100.0,Degraded,0.81,Major failure
2025-01-02 15:35:00,Server_10,65.47,52.92,79.54,30.45,105.49,Working,0.68,Minor issues
2025-01-02 15:40:00,Server_2,82.02,70.73,74.72,23.96,116.31,Working,0.36,Minor issues
2025-01-02 15:45:00,Server_4,42.51,54.32,61.85,30.83,100.0,Working,0.68,Minor issues
2025-01-02 15:50:00,Server_5,49.36,68.06,75.72,29.17,110.14,Working,0.46,No issues
2025-01-02 15:55:00,Server_1,53.18,49.58,78.33,21.17,100.0,Working,0.88,No issues
2025-01-02 16:00:00,Server_5,25.04,68.58,66.84,25.31,100.0,Working,0.66,Major failure
2025-01-02 16:05:00,Server_7,36.62,64.41,61.54,29.16,100.0,Working,0.92,Major failure
2025-01-02 16:10:00,Server_8,36.56,56.82,63.94,17.09,100.0,Working,0.38,Major failure
2025-01-02 16:15:00,Server_10,42.02,53.39,60.58,26.05,100.0,Working,0.01,Minor issues
2025-01-02 16:20:00,Server_9,35.71,56.5,55.67,24.31,100.0,Degraded,0.7,Minor issues
2025-01-02 16:25:00,Server_2,46.25,56.62,80.36,26.92,100.46,Working,0.04,No issues
2025-01-02 16:30:00,Server_1,48.56,50.87,75.66,27.84,100.0,Working,0.6,Major failure
2025-01-02 16:35:00,Server_3,62.61,60.8,58.74,15.69,112.77,Working,0.5,Major failure
2025-01-02 16:40:00,Server_6,51.78,65.66,68.73,27.97,116.89,Working,0.55,Minor issues
2025-01-02 16:45:00,Server_1,35.88,65.65,71.23,24.37,100.69,Working,0.31,No issues
2025-01-02 16:50:00,Server_1,71.93,62.23,57.39,23.82,100.0,Working,0.92,Minor issues
2025-01-02 16:55:00,Server_5,38.4,82.67,57.96,17.37,100.0,Working,0.4,No issues
2025-01-02 17:00:00,Server_5,60.52,51.97,70.46,38.18,101.56,Degraded,0.75,Major failure
2025-01-02 17:05:00,Server_2,43.23,68.13,74.71,30.39,100.0,Working,0.84,Major failure
2025-01-02 17:10:00,Server_2,100.0,54.26,59.75,31.44,122.56,Failed,0.11,Major failure
2025-01-02 17:15:00,Server_8,38.51,53.84,57.5,27.32,100.0,Working,0.63,Major failure
2025-01-02 17:20:00,Server_8,62.02,66.46,69.93,24.07,115.4,Working,0.13,Major failure
2025-01-02 17:25:00,Server_10,54.07,49.61,58.78,22.29,100.0,Degraded,0.83,Major failure
2025-01-02 17:30:00,Server_4,27.59,57.6,65.15,25.09,100.0,Working,0.3,Minor issues
2025-01-02 17:35:00,Server_5,50.06,56.92,74.31,31.45,100.0,Degraded,0.81,Major failure
2025-01-02 17:40:00,Server_9,30.38,70.54,73.94,25.59,103.85,Working,0.39,Minor issues
2025-01-02 17:45:00,Server_5,40.8,50.34,55.81,25.1,100.0,Working,0.9,Minor issues
2025-01-02 17:50:00,Server_7,43.25,53.69,75.54,23.66,100.0,Working,0.9,No issues
2025-01-02 17:55:00,Server_4,36.44,50.35,79.72,24.78,100.0,Working,0.9,Major failure
2025-01-02 18:00:00,Server_4,28.92,55.57,71.42,15.17,100.0,Working,0.14,Major failure
2025-01-02 18:05:00,Server_5,23.16,47.63,68.73,23.46,100.0,Working,0.51,Major failure
2025-01-02 18:10:00,Server_7,45.07,58.26,55.23,31.93,100.0,Working,0.17,Minor issues
2025-01-02 18:15:00,Server_4,64.74,51.69,85.86,28.32,106.67,Working,0.69,Major failure
2025-01-02 18:20:00,Server_10,70.15,41.77,55.39,19.69,109.34,Working,0.0,Minor issues
2025-01-02 18:25:00,Server_9,68.53,69.79,66.23,23.58,119.87,Working,0.67,Major failure
2025-01-02 18:30:00,Server_10,74.95,49.4,74.73,30.79,110.96,Working,0.01,Minor issues
2025-01-02 18:35:00,Server_2,62.04,56.3,78.17,21.69,101.67,Working,0.81,Minor issues
2025-01-02 18:40:00,Server_6,72.31,56.83,69.77,29.7,110.05,Working,0.03,Major failure
2025-01-02 18:45:00,Server_5,47.24,77.74,68.72,31.71,110.04,Working,0.48,Major failure
2025-01-02 18:50:00,Server_2,42.36,58.02,71.55,25.0,103.69,Working,0.29,No issues
2025-01-02 18:55:00,Server_2,65.67,45.61,74.86,27.42,102.39,Working,0.7,No issues
2025-01-02 19:00:00,Server_8,70.63,57.03,65.24,26.96,112.16,Working,0.54,No issues
2025-01-02 19:05:00,Server_8,34.7,42.23,53.34,29.11,100.0,Working,0.54,Major failure
2025-01-02 19:10:00,Server_9,30.55,43.5,81.65,16.24,100.0,Degraded,0.89,No issues
2025-01-02 19:15:00,Server_7,50.6,76.23,72.37,26.95,109.33,Working,0.71,Minor issues
2025-01-02 19:20:00,Server_3,56.35,57.56,75.27,28.66,102.98,Working,0.57,No issues
2025-01-02 19:25:00,Server_10,55.18,73.61,70.91,25.49,110.43,Working,0.85,Major failure
2025-01-02 19:30:00,Server_7,30.83,61.52,65.53,23.51,102.84,Working,0.31,No issues
2025-01-02 19:35:00,Server_7,37.89,67.42,49.83,20.3,100.0,Working,0.63,Major failure
2025-01-02 19:40:00,Server_2,33.56,56.98,75.06,27.46,100.0,Working,0.85,No issues
2025-01-02 19:45:00,Server_5,73.19,65.01,68.68,23.43,111.46,Working,0.16,Minor issues
2025-01-02 19:50:00,Server_7,40.25,70.48,78.01,19.94,100.23,Working,0.89,Minor issues
2025-01-02 19:55:00,Server_9,55.08,62.86,79.29,33.0,102.86,Working,0.63,Major failure
2025-01-02 20:00:00,Server_2,51.82,58.85,72.11,25.05,104.76,Working,0.64,No issues
2025-01-02 20:05:00,Server_9,27.7,59.89,61.13,32.84,100.0,Working,0.4,Minor issues
2025-01-02 20:10:00,Server_6,61.54,75.13,69.67,17.8,109.55,Working,0.87,No issues
2025-01-02 20:15:00,Server_7,35.64,56.45,74.19,21.94,100.0,Working,0.38,Minor issues
2025-01-02 20:20:00,Server_7,59.65,46.71,55.35,28.07,100.0,Working,0.86,Minor issues
2025-01-02 20:25:00,Server_2,45.65,65.0,48.38,29.67,100.0,Working,0.41,No issues
2025-01-02 20:30:00,Server_8,52.05,53.84,56.66,21.62,102.56,Working,0.57,Minor issues
2025-01-02 20:35:00,Server_4,50.8,58.22,64.31,23.95,100.0,Working,0.18,Minor issues
2025-01-02 20:40:00,Server_6,48.7,76.35,74.5,23.92,100.0,Failed,0.72,Minor issues
2025-01-02 20:45:00,Server_3,52.15,55.41,62.88,26.57,103.64,Working,0.97,Minor issues
2025-01-02 20:50:00,Server_10,32.35,62.9,62.99,32.44,100.0,Working,0.24,Minor issues
2025-01-02 20:55:00,Server_8,38.44,64.5,68.34,30.57,100.59,Working,0.88,Minor issues
2025-01-02 21:00:00,Server_10,35.69,62.33,82.59,16.97,100.0,Working,0.67,Major failure
2025-01-02 21:05:00,Server_1,58.35,65.84,83.22,20.67,107.54,Working,0.39,Major failure
2025-01-02 21:10:00,Server_9,53.5,51.99,80.64,24.84,102.16,Working,0.54,Minor issues
2025-01-02 21:15:00,Server_2,36.0,45.1,86.29,21.99,100.0,Working,0.44,Major failure
2025-01-02 21:20:00,Server_4,39.94,68.73,61.97,16.7,100.0,Working,0.2,No issues
2025-01-02 21:25:00,Server_3,61.64,56.51,75.56,20.77,100.71,Working,0.03,Major failure
2025-01-02 21:30:00,Server_10,61.45,65.57,68.64,29.53,109.52,Degraded,0.25,Minor issues
2025-01-02 21:35:00,Server_8,30.95,55.12,75.29,21.56,100.0,Working,0.01,Major failure
2025-01-02 21:40:00,Server_4,57.81,59.11,63.94,28.02,115.58,Degraded,0.18,Minor issues
2025-01-02 21:45:00,Server_8,67.84,60.6,55.48,20.84,116.61,Working,0.49,Major failure
2025-01-02 21:50:00,Server_7,63.83,67.64,62.19,22.09,111.59,Degraded,0.67,No issues
2025-01-02 21:55:00,Server_3,67.85,60.6,75.31,28.63,110.3,Working,0.91,Minor issues
2025-01-02 22:00:00,Server_10,47.54,58.26,72.28,24.72,100.04,Working,0.24,Major failure
2025-01-02 22:05:00,Server_8,63.16,59.56,68.17,20.55,112.3,Working,0.2,No issues
2025-01-02 22:10:00,Server_5,72.06,53.67,82.32,20.05,111.44,Working,0.55,Major failure
2025-01-02 22:15:00,Server_5,40.45,27.72,68.2,23.7,100.0,Working,0.86,Minor issues
2025-01-02 22:20:00,Server_7,61.13,75.97,63.17,26.63,116.05,Working,0.91,Major failure
2025-01-02 22:25:00,Server_4,58.75,55.9,91.02,24.74,104.13,Working,0.31,No issues
2025-01-02 22:30:00,Server_9,78.46,57.45,84.71,22.39,118.46,Working,0.03,Minor issues
2025-01-02 22:35:00,Server_1,51.27,67.82,81.22,26.34,103.99,Working,0.5,Major failure
2025-01-02 22:40:00,Server_4,36.55,66.59,69.51,32.36,100.0,Working,0.56,Major failure
2025-01-02 22:45:00,Server_3,55.19,61.44,65.68,22.65,100.0,Working,0.16,Minor issues
2025-01-02 22:50:00,Server_3,49.49,69.23,68.27,23.41,113.52,Working,0.11,Major failure
2025-01-02 22:55:00,Server_9,70.38,68.63,80.67,29.74,108.87,Working,0.55,Minor issues
2025-01-02 23:00:00,Server_9,65.11,78.19,61.1,28.37,118.49,Working,0.18,Major failure
2025-01-02 23:05:00,Server_5,30.7,60.71,55.03,21.86,100.0,Failed,0.38,Minor issues
2025-01-02 23:10:00,Server_1,70.19,65.11,69.84,21.08,109.44,Working,0.51,No issues
2025-01-02 23:15:00,Server_7,58.19,59.03,68.15,33.73,107.41,Working,0.42,Minor issues
2025-01-02 23:20:00,Server_8,72.15,53.04,70.03,25.72,108.4,Degraded,0.83,Major failure
2025-01-02 23:25:00,Server_2,26.67,54.86,80.74,17.83,100.0,Working,0.77,Major failure
2025-01-02 23:30:00,Server_4,49.78,72.14,76.02,19.57,104.55,Working,0.08,Minor issues
2025-01-02 23:35:00,Server_2,79.39,60.48,79.51,29.95,122.47,Working,0.64,Major failure
2025-01-02 23:40:00,Server_9,62.86,50.29,66.5,24.47,100.0,Working,0.14,Minor issues
2025-01-02 23:45:00,Server_7,61.24,41.81,55.77,26.78,103.43,Working,0.54,No issues
2025-01-02 23:50:00,Server_8,73.84,65.19,52.0,26.19,111.33,Working,0.79,Minor issues
2025-01-02 23:55:00,Server_6,65.77,58.57,81.59,20.33,107.33,Working,0.93,No issues
2025-01-03 00:00:00,Server_1,61.39,58.29,69.29,29.83,112.94,Working,0.27,Major failure
2025-01-03 00:05:00,Server_3,63.04,75.82,57.03,26.19,117.22,Working,0.29,Minor issues
2025-01-03 00:10:00,Server_5,56.18,49.28,69.74,24.33,107.05,Working,0.75,No issues
2025-01-03 00:15:00,Server_7,42.82,47.85,63.11,38.8,100.0,Working,0.86,Minor issues
2025-01-03 00:20:00,Server_2,52.25,67.97,58.22,25.38,115.27,Working,0.0,No issues
2025-01-03 00:25:00,Server_9,64.4,69.96,56.87,18.43,112.97,Working,0.0,Minor issues
2025-01-03 00:30:00,Server_5,15.96,53.38,68.59,23.7,100.0,Working,0.41,No issues
2025-01-03 00:35:00,Server_8,32.4,71.67,86.35,27.32,100.0,Working,0.72,No issues
2025-01-03 00:40:00,Server_6,44.74,64.07,64.12,24.94,100.0,Working,0.47,Minor issues
2025-01-03 00:45:00,Server_8,34.29,46.92,80.01,27.87,100.0,Working,0.83,Minor issues
2025-01-03 00:50:00,Server_5,25.74,54.02,63.28,25.85,100.0,Degraded,0.32,No issues
2025-01-03 00:55:00,Server_9,40.92,74.75,62.31,32.11,101.6,Working,0.19,Minor issues
2025-01-03 01:00:00,Server_7,63.14,56.97,68.1,19.69,110.95,Working,0.76,Minor issues
2025-01-03 01:05:00,Server_9,34.79,50.31,69.17,27.41,100.0,Working,0.74,No issues
2025-01-03 01:10:00,Server_9,47.32,41.85,81.2,24.43,100.0,Working,0.94,Major failure
2025-01-03 01:15:00,Server_2,65.38,48.47,71.91,30.42,103.95,Working,0.05,Minor issues
2025-01-03 01:20:00,Server_3,44.03,47.86,63.0,16.46,100.0,Working,0.24,No issues
2025-01-03 01:25:00,Server_9,49.69,85.22,73.45,27.32,101.91,Working,0.43,Minor issues
2025-01-03 01:30:00,Server_5,49.75,52.62,60.28,25.78,104.35,Working,0.86,Minor issues
2025-01-03 01:35:00,Server_9,57.54,65.46,86.41,30.3,118.47,Working,0.01,No issues
2025-01-03 01:40:00,Server_6,37.3,41.05,87.87,19.22,100.0,Degraded,0.63,Major failure
2025-01-03 01:45:00,Server_5,57.02,67.95,73.54,18.62,111.84,Working,0.78,No issues
2025-01-03 01:50:00,Server_2,43.38,79.41,69.12,29.05,102.58,Working,0.05,Minor issues
2025-01-03 01:55:00,Server_3,52.83,51.77,54.87,27.18,100.0,Working,0.51,Major failure
2025-01-03 02:00:00,Server_8,26.28,60.86,65.33,28.01,100.0,Working,0.09,No issues
2025-01-03 02:05:00,Server_9,41.72,56.03,76.03,27.86,102.03,Working,0.87,Minor issues
2025-01-03 02:10:00,Server_2,36.57,81.41,76.49,25.68,104.84,Working,0.35,No issues
2025-01-03 02:15:00,Server_1,35.75,49.92,70.72,20.47,100.0,Degraded,0.87,No issues
2025-01-03 02:20:00,Server_10,44.98,70.3,63.97,19.72,100.0,Working,0.41,Major failure
2025-01-03 02:25:00,Server_10,43.88,58.63,85.83,15.0,102.16,Degraded,0.77,Minor issues
2025-01-03 02:30:00,Server_10,49.27,44.02,59.14,23.01,100.0,Working,0.3,Minor issues
2025-01-03 02:35:00,Server_4,66.91,52.33,69.29,27.94,104.69,Working,0.82,Minor issues
2025-01-03 02:40:00,Server_1,68.26,70.96,52.34,22.93,107.62,Working,0.55,Major failure
2025-01-03 02:45:00,Server_9,56.44,70.28,69.05,24.83,103.63,Working,0.72,Major failure
2025-01-03 02:50:00,Server_3,74.82,58.44,71.9,19.52,112.48,Working,0.12,No issues
2025-01-03 02:55:00,Server_2,71.18,52.9,71.65,21.63,109.26,Working,0.14,No issues
2025-01-03 03:00:00,Server_5,58.61,69.4,78.57,25.69,110.55,Failed,0.6,Minor issues
2025-01-03 03:05:00,Server_3,51.78,48.44,60.93,24.29,104.93,Working,0.95,Major failure
2025-01-03 03:10:00,Server_2,60.7,76.84,69.36,26.91,108.16,Working,0.4,No issues
2025-01-03 03:15:00,Server_7,79.55,77.21,77.53,30.98,118.02,Working,0.22,No issues
2025-01-03 03:20:00,Server_7,41.42,51.06,60.82,18.56,101.24,Working,0.99,No issues
2025-01-03 03:25:00,Server_2,37.45,54.33,72.38,28.2,100.0,Working,0.36,Minor issues
2025-01-03 03:30:00,Server_2,64.12,67.49,73.62,29.16,110.06,Working,0.94,Major failure
2025-01-03 03:35:00,Server_2,56.76,62.34,63.94,27.41,102.99,Working,0.44,Minor issues
2025-01-03 03:40:00,Server_8,59.58,56.87,70.44,27.1,100.0,Working,0.69,Minor issues
2025-01-03 03:45:00,Server_5,44.83,63.34,66.13,25.74,100.0,Working,0.99,No issues
2025-01-03 03:50:00,Server_5,46.71,61.11,75.57,21.79,100.0,Working,0.56,Major failure
2025-01-03 03:55:00,Server_6,62.6,52.43,86.1,17.37,100.03,Working,0.47,No issues
2025-01-03 04:00:00,Server_2,71.04,70.0,61.75,21.09,113.84,Working,0.43,Minor issues
2025-01-03 04:05:00,Server_4,49.27,55.43,86.59,27.1,100.0,Working,0.59,No issues
2025-01-03 04:10:00,Server_3,40.65,64.01,76.88,27.9,100.0,Failed,0.35,Minor issues
2025-01-03 04:15:00,Server_3,56.95,65.12,60.9,19.59,106.66,Degraded,0.86,No issues
2025-01-03 04:20:00,Server_6,58.6,59.43,74.51,27.0,100.0,Working,0.9,Major failure
2025-01-03 04:25:00,Server_5,57.25,51.46,59.21,15.0,104.17,Working,0.97,Major failure
2025-01-03 04:30:00,Server_3,55.85,60.13,57.44,16.26,100.91,Degraded,0.34,No issues
2025-01-03 04:35:00,Server_7,54.54,37.97,47.77,25.47,100.0,Working,0.85,Minor issues
2025-01-03 04:40:00,Server_9,56.63,48.94,84.39,17.98,100.09,Working,0.32,No issues
2025-01-03 04:45:00,Server_8,70.25,84.42,65.4,20.83,119.62,Degraded,0.46,Minor issues
2025-01-03 04:50:00,Server_9,63.66,76.86,79.36,29.45,111.79,Degraded,0.69,Minor issues
2025-01-03 04:55:00,Server_2,49.8,64.58,64.4,20.94,100.0,Working,0.01,Major failure
2025-01-03 05:00:00,Server_2,35.72,57.07,60.72,21.81,100.0,Working,0.26,Major failure
2025-01-03 05:05:00,Server_4,56.46,61.48,76.25,24.26,102.56,Working,0.59,Minor issues
2025-01-03 05:10:00,Server_3,28.78,60.35,64.42,21.25,100.0,Working,0.47,Major failure
2025-01-03 05:15:00,Server_6,55.02,56.72,71.28,25.31,105.53,Degraded,0.9,Major failure
2025-01-03 05:20:00,Server_6,53.57,53.58,63.47,15.0,104.5,Working,0.84,No issues
2025-01-03 05:25:00,Server_3,67.36,64.96,61.03,30.44,110.98,Working,0.39,Minor issues
2025-01-03 05:30:00,Server_1,28.27,57.38,61.26,28.12,100.0,Working,0.96,Minor issues
2025-01-03 05:35:00,Server_7,67.54,67.1,72.78,28.29,106.91,Working,0.66,Major failure
2025-01-03 05:40:00,Server_9,49.7,72.38,65.99,22.12,105.87,Working,0.57,Major failure
2025-01-03 05:45:00,Server_8,57.14,55.9,80.9,21.32,103.7,Working,0.73,Minor issues
2025-01-03 05:50:00,Server_3,56.08,69.65,69.51,38.89,112.13,Working,0.48,Major failure
2025-01-03 05:55:00,Server_5,62.28,63.12,49.16,40.0,106.98,Working,0.71,No issues
2025-01-03 06:00:00,Server_8,62.21,44.84,85.58,38.35,109.61,Working,0.16,Minor issues
2025-01-03 06:05:00,Server_9,67.12,48.81,61.22,24.37,105.84,Failed,0.08,Minor issues
2025-01-03 06:10:00,Server_6,47.78,53.75,58.69,28.82,100.0,Working,0.49,Minor issues
2025-01-03 06:15:00,Server_4,67.3,76.94,62.14,24.3,117.9,Working,0.65,Major failure
2025-01-03 06:20:00,Server_2,29.66,64.39,52.18,31.15,100.0,Working,0.1,No issues
2025-01-03 06:25:00,Server_7,53.72,46.96,84.01,22.66,100.0,Failed,0.01,No issues
2025-01-03 06:30:00,Server_6,68.46,43.86,78.68,22.22,103.67,Working,0.13,Minor issues
2025-01-03 06:35:00,Server_7,74.73,63.3,60.18,23.76,105.86,Working,0.26,Major failure
2025-01-03 06:40:00,Server_5,63.1,54.15,76.03,24.12,102.84,Working,0.91,Minor issues
2025-01-03 06:45:00,Server_5,61.76,54.42,64.81,23.82,110.17,Working,0.99,Minor issues
2025-01-03 06:50:00,Server_5,45.9,71.01,73.79,26.23,105.73,Working,0.56,Minor issues
2025-01-03 06:55:00,Server_8,7.82,83.82,64.93,22.59,100.0,Working,0.97,Minor issues
2025-01-03 07:00:00,Server_9,0.0,71.97,68.18,30.5,100.0,Working,0.53,Minor issues
2025-01-03 07:05:00,Server_1,46.37,68.06,56.35,25.34,101.48,Working,0.44,Minor issues
2025-01-03 07:10:00,Server_9,58.3,86.63,63.5,28.73,125.1,Working,0.26,Minor issues
2025-01-03 07:15:00,Server_10,59.4,73.43,86.8,28.63,118.92,Failed,0.21,Major failure
2025-01-03 07:20:00,Server_9,43.09,49.08,67.8,26.91,100.0,Working,0.27,Minor issues
2025-01-03 07:25:00,Server_6,46.15,67.59,71.13,20.48,100.0,Working,0.47,Major failure
2025-01-03 07:30:00,Server_4,47.58,49.42,69.1,31.09,100.0,Working,0.37,No issues
2025-01-03 07:35:00,Server_4,24.09,53.2,54.1,16.18,100.0,Working,0.15,No issues
2025-01-03 07:40:00,Server_8,57.1,72.55,53.25,33.34,110.88,Working,0.92,Minor issues
2025-01-03 07:45:00,Server_5,25.52,59.94,76.36,31.51,100.0,Degraded,0.62,Minor issues
2025-01-03 07:50:00,Server_9,45.4,79.89,66.82,16.63,106.12,Working,0.09,Major failure
2025-01-03 07:55:00,Server_9,0.04,63.19,78.29,25.64,100.0,Failed,0.08,No issues
2025-01-03 08:00:00,Server_9,45.26,59.57,78.22,33.49,100.0,Working,0.95,No issues
2025-01-03 08:05:00,Server_3,54.2,64.39,64.58,18.2,104.57,Working,0.36,No issues
2025-01-03 08:10:00,Server_6,47.98,65.32,74.92,15.0,100.0,Working,0.16,Minor issues
2025-01-03 08:15:00,Server_5,50.01,54.99,69.64,34.98,100.0,Degraded,0.91,No issues
2025-01-03 08:20:00,Server_9,43.17,45.65,84.1,27.72,100.0,Working,0.54,Major failure
2025-01-03 08:25:00,Server_8,66.13,60.17,85.25,24.37,109.48,Working,0.37,Major failure
2025-01-03 08:30:00,Server_9,55.0,60.78,43.14,15.0,100.0,Working,0.86,Major failure
2025-01-03 08:35:00,Server_6,51.88,49.82,91.8,25.52,100.72,Degraded,0.53,Major failure
2025-01-03 08:40:00,Server_7,51.95,47.44,80.21,26.02,103.26,Working,0.15,Minor issues
2025-01-03 08:45:00,Server_9,64.73,54.74,75.6,26.77,114.18,Working,0.21,No issues
2025-01-03 08:50:00,Server_2,33.2,64.04,89.57,28.58,100.0,Degraded,0.39,Minor issues
2025-01-03 08:55:00,Server_6,40.87,76.53,69.77,29.32,100.17,Failed,0.86,No issues
2025-01-03 09:00:00,Server_8,43.27,55.72,86.0,29.85,101.52,Working,0.54,Minor issues
2025-01-03 09:05:00,Server_6,68.0,60.04,68.9,22.55,113.46,Working,0.35,Major failure
2025-01-03 09:10:00,Server_8,64.86,48.7,62.88,18.64,104.18,Working,0.56,Minor issues
2025-01-03 09:15:00,Server_5,51.99,56.54,74.86,22.38,100.0,Working,0.34,Major failure
2025-01-03 09:20:00,Server_4,60.54,43.09,75.0,23.23,106.68,Working,0.96,No issues
2025-01-03 09:25:00,Server_6,62.1,67.59,77.5,30.77,113.33,Degraded,0.43,Major failure
2025-01-03 09:30:00,Server_8,32.94,60.89,84.62,17.93,100.0,Working,0.84,Major failure
2025-01-03 09:35:00,Server_4,47.64,67.25,71.85,25.58,100.0,Working,0.16,Major failure
2025-01-03 09:40:00,Server_2,60.96,54.08,65.71,22.21,100.83,Working,0.8,Minor issues
2025-01-03 09:45:00,Server_10,52.02,64.19,73.76,22.23,107.26,Degraded,0.14,No issues
2025-01-03 09:50:00,Server_9,33.12,55.66,76.46,19.96,100.0,Working,0.14,No issues
2025-01-03 09:55:00,Server_10,43.66,48.73,65.47,29.58,100.0,Failed,0.99,Major failure
2025-01-03 10:00:00,Server_9,64.84,70.12,69.84,18.21,113.4,Working,0.24,Major failure
2025-01-03 10:05:00,Server_4,37.99,53.45,63.61,26.84,100.0,Working,0.55,Minor issues
2025-01-03 10:10:00,Server_5,24.31,44.26,52.98,21.92,100.0,Degraded,0.25,Major failure
2025-01-03 10:15:00,Server_9,63.79,62.77,47.55,20.56,105.15,Working,0.14,No issues
2025-01-03 10:20:00,Server_2,36.87,56.2,79.65,16.6,100.0,Working,0.38,Minor issues
2025-01-03 10:25:00,Server_4,48.94,64.85,78.7,33.56,108.29,Working,0.97,Major failure
2025-01-03 10:30:00,Server_9,69.51,36.77,64.38,24.16,100.0,Working,0.78,No issues
2025-01-03 10:35:00,Server_3,22.79,63.99,71.02,26.12,100.0,Working,0.55,Minor issues
2025-01-03 10:40:00,Server_1,42.56,74.8,72.97,29.46,104.02,Working,0.56,No issues
2025-01-03 10:45:00,Server_4,53.46,66.68,78.88,25.56,105.11,Working,0.49,Minor issues
2025-01-03 10:50:00,Server_6,36.6,37.64,76.14,25.36,100.0,Working,0.92,No issues
2025-01-03 10:55:00,Server_7,35.5,52.11,79.33,27.34,100.0,Working,0.92,Major failure
2025-01-03 11:00:00,Server_9,28.03,46.38,77.71,31.72,100.0,Working,0.83,Major failure
2025-01-03 11:05:00,Server_10,47.23,65.05,75.02,35.42,100.0,Working,0.46,Minor issues
2025-01-03 11:10:00,Server_5,100.0,53.55,76.3,30.63,130.85,Working,0.9,Major failure
2025-01-03 11:15:00,Server_8,27.02,49.04,75.36,34.94,100.0,Degraded,0.39,Minor issues
2025-01-03 11:20:00,Server_5,63.96,72.92,59.71,28.04,114.48,Working,0.92,Major failure
2025-01-03 11:25:00,Server_3,47.19,71.48,71.31,30.95,102.61,Working,0.98,Major failure
2025-01-03 11:30:00,Server_1,73.12,69.57,63.76,31.75,115.32,Working,0.29,Major failure
2025-01-03 11:35:00,Server_9,49.25,60.98,66.31,25.62,103.34,Working,0.72,Major failure
2025-01-03 11:40:00,Server_2,33.72,78.14,77.74,21.7,100.0,Failed,0.09,Minor issues
2025-01-03 11:45:00,Server_5,51.67,49.65,56.5,22.71,100.0,Degraded,0.94,Minor issues
2025-01-03 11:50:00,Server_3,70.2,59.57,72.48,23.64,109.16,Degraded,0.42,Major failure
2025-01-03 11:55:00,Server_1,53.8,67.99,76.22,33.35,116.07,Working,0.3,Major failure
2025-01-03 12:00:00,Server_7,60.52,64.38,55.55,29.34,107.56,Working,0.37,Minor issues
2025-01-03 12:05:00,Server_4,27.3,59.22,66.84,32.5,100.0,Working,0.14,Major failure
2025-01-03 12:10:00,Server_6,38.25,69.76,68.39,25.22,100.0,Degraded,0.87,Major failure
2025-01-03 12:15:00,Server_10,63.73,57.64,81.77,27.43,113.43,Working,0.52,Minor issues
2025-01-03 12:20:00,Server_1,37.68,69.38,90.74,19.64,100.0,Degraded,0.24,No issues
2025-01-03 12:25:00,Server_8,63.28,55.52,65.72,22.02,108.94,Failed,0.97,Minor issues
2025-01-03 12:30:00,Server_7,75.17,52.25,61.98,24.93,108.09,Working,0.21,No issues
2025-01-03 12:35:00,Server_5,33.77,60.23,54.06,23.01,100.0,Degraded,0.78,Major failure
2025-01-03 12:40:00,Server_10,52.43,57.32,55.39,15.0,105.43,Working,0.66,Major failure
2025-01-03 12:45:00,Server_4,42.72,64.85,71.06,27.52,100.0,Working,0.92,Major failure
2025-01-03 12:50:00,Server_2,73.27,54.74,73.02,33.34,112.84,Degraded,0.13,Minor issues
2025-01-03 12:55:00,Server_7,45.01,70.1,63.91,25.72,100.61,Working,0.43,Minor issues
2025-01-03 13:00:00,Server_8,23.45,61.23,86.77,23.69,100.0,Working,0.39,No issues
2025-01-03 13:05:00,Server_9,39.65,71.0,60.93,29.27,100.0,Working,0.09,Major failure
2025-01-03 13:10:00,Server_7,38.46,72.03,69.58,18.0,100.0,Working,0.57,Major failure
2025-01-03 13:15:00,Server_5,75.8,72.63,63.62,21.91,117.22,Failed,0.61,No issues
2025-01-03 13:20:00,Server_10,60.56,80.23,77.68,23.07,103.7,Working,0.32,No issues
2025-01-03 13:25:00,Server_5,35.4,48.1,82.18,21.9,100.0,Working,0.85,No issues
2025-01-03 13:30:00,Server_3,50.48,60.93,77.08,32.1,103.81,Working,0.04,Major failure
2025-01-03 13:35:00,Server_4,48.23,60.13,52.64,31.39,106.42,Working,0.96,Minor issues
2025-01-03 13:40:00,Server_8,59.36,55.58,78.04,30.83,101.42,Degraded,0.83,No issues
2025-01-03 13:45:00,Server_5,29.41,54.2,64.26,24.19,100.0,Working,0.47,No issues
2025-01-03 13:50:00,Server_10,59.93,52.97,56.97,30.76,104.12,Working,0.46,Minor issues
2025-01-03 13:55:00,Server_2,28.32,52.12,62.69,29.74,100.0,Working,0.79,No issues
2025-01-03 14:00:00,Server_8,57.1,53.33,78.91,26.08,100.0,Working,0.05,No issues
2025-01-03 14:05:00,Server_10,57.56,51.97,82.45,32.47,100.0,Failed,0.07,Major failure
2025-01-03 14:10:00,Server_10,50.84,68.59,57.26,18.88,102.91,Working,0.32,No issues
2025-01-03 14:15:00,Server_4,41.45,69.88,54.63,24.0,101.6,Degraded,0.61,Major failure
2025-01-03 14:20:00,Server_1,52.22,60.77,87.8,31.09,110.45,Working,0.99,No issues
2025-01-03 14:25:00,Server_10,65.73,89.07,85.6,28.38,115.16,Working,0.15,Major failure
2025-01-03 14:30:00,Server_6,10.7,41.61,81.72,20.94,100.0,Working,0.81,Major failure
2025-01-03 14:35:00,Server_7,32.11,54.6,60.12,24.53,100.0,Working,0.77,Minor issues
2025-01-03 14:40:00,Server_2,49.96,62.76,83.93,23.96,111.12,Working,0.42,No issues
2025-01-03 14:45:00,Server_5,55.17,44.77,85.48,22.12,106.66,Working,0.59,Major failure
2025-01-03 14:50:00,Server_1,58.84,60.28,81.0,32.91,111.87,Failed,0.49,Major failure
2025-01-03 14:55:00,Server_7,50.16,76.66,60.8,24.41,111.37,Working,0.12,Minor issues
2025-01-03 15:00:00,Server_4,48.63,53.35,76.3,22.93,101.1,Working,0.45,Minor issues
2025-01-03 15:05:00,Server_9,61.04,57.81,63.81,15.0,111.02,Working,0.52,No issues
2025-01-03 15:10:00,Server_3,53.76,72.97,72.33,26.63,100.0,Working,0.77,Minor issues
2025-01-03 15:15:00,Server_3,53.92,58.67,65.57,25.16,111.04,Working,0.39,Minor issues
2025-01-03 15:20:00,Server_8,57.84,75.34,78.7,26.35,110.67,Working,0.87,Minor issues
2025-01-03 15:25:00,Server_4,59.44,61.45,73.75,32.07,118.62,Working,0.27,No issues
2025-01-03 15:30:00,Server_7,66.31,52.82,72.14,26.05,104.29,Working,0.14,No issues
2025-01-03 15:35:00,Server_6,48.15,53.5,75.75,18.74,103.21,Working,0.1,Major failure
2025-01-03 15:40:00,Server_3,33.69,52.36,68.08,33.48,100.0,Working,0.23,Minor issues
2025-01-03 15:45:00,Server_4,57.99,55.06,71.72,22.97,105.05,Working,0.22,Minor issues
2025-01-03 15:50:00,Server_7,33.98,64.95,69.13,21.59,100.0,Working,0.18,No issues
2025-01-03 15:55:00,Server_6,54.41,49.99,56.79,25.56,100.0,Working,0.9,Major failure
2025-01-03 16:00:00,Server_6,39.94,58.15,80.58,16.93,100.0,Working,0.75,No issues
2025-01-03 16:05:00,Server_8,18.1,48.55,76.01,26.46,100.0,Working,0.39,No issues
2025-01-03 16:10:00,Server_4,56.07,47.69,78.43,18.65,100.0,Working,0.75,Major failure
2025-01-03 16:15:00,Server_6,35.98,49.17,75.32,23.25,100.0,Working,0.09,Major failure
2025-01-03 16:20:00,Server_4,69.12,73.27,61.25,28.02,113.77,Working,0.98,No issues
2025-01-03 16:25:00,Server_9,57.02,66.63,72.3,20.68,104.17,Working,0.04,Minor issues
2025-01-03 16:30:00,Server_10,40.09,69.68,83.3,26.19,105.21,Working,0.45,No issues
2025-01-03 16:35:00,Server_3,75.49,75.61,78.12,25.7,112.07,Working,0.94,Minor issues
2025-01-03 16:40:00,Server_9,36.77,78.54,71.84,25.6,100.0,Working,0.34,No issues
2025-01-03 16:45:00,Server_9,57.98,41.64,78.28,33.07,100.0,Working,0.1,Minor issues
2025-01-03 16:50:00,Server_9,30.73,65.14,71.85,32.53,100.0,Working,0.26,Minor issues
2025-01-03 16:55:00,Server_7,61.3,44.67,73.15,31.59,100.0,Working,0.91,Minor issues
2025-01-03 17:00:00,Server_2,80.21,71.65,71.12,32.73,131.54,Failed,0.76,Minor issues
2025-01-03 17:05:00,Server_2,33.89,62.16,67.43,26.13,100.0,Degraded,0.42,No issues
2025-01-03 17:10:00,Server_8,40.77,68.74,75.3,18.55,103.53,Working,0.97,No issues
2025-01-03 17:15:00,Server_10,49.38,60.43,59.04,34.48,113.29,Working,0.96,No issues
2025-01-03 17:20:00,Server_2,64.25,71.35,53.24,32.95,106.29,Working,0.69,Major failure
2025-01-03 17:25:00,Server_4,46.0,62.92,61.17,21.26,100.0,Working,0.84,No issues
2025-01-03 17:30:00,Server_9,12.53,75.53,75.35,33.07,100.0,Working,0.28,No issues
2025-01-03 17:35:00,Server_5,60.01,73.81,68.18,23.34,102.42,Working,0.36,Minor issues
2025-01-03 17:40:00,Server_2,50.26,63.44,77.83,24.07,100.0,Working,0.98,No issues
2025-01-03 17:45:00,Server_8,40.75,50.67,71.75,28.46,100.0,Working,0.65,Major failure
2025-01-03 17:50:00,Server_8,62.86,65.33,79.67,27.43,106.17,Working,0.34,Major failure
2025-01-03 17:55:00,Server_5,43.7,69.57,81.67,30.12,101.07,Working,0.49,Major failure
2025-01-03 18:00:00,Server_9,51.31,70.73,79.23,24.41,100.0,Working,0.17,No issues
2025-01-03 18:05:00,Server_2,78.66,71.21,70.92,32.07,114.98,Working,0.51,Minor issues
2025-01-03 18:10:00,Server_2,54.85,67.37,72.68,28.78,107.69,Working,0.7,Minor issues
2025-01-03 18:15:00,Server_8,73.78,49.63,74.8,19.21,113.19,Degraded,0.37,Major failure
2025-01-03 18:20:00,Server_9,77.94,53.87,75.97,24.84,115.15,Working,0.87,Major failure
2025-01-03 18:25:00,Server_3,32.33,61.36,66.6,26.07,100.0,Working,0.21,Minor issues
2025-01-03 18:30:00,Server_6,73.26,57.98,64.22,29.01,107.25,Working,0.58,Minor issues
2025-01-03 18:35:00,Server_9,73.69,64.69,52.38,19.47,120.19,Degraded,0.58,Minor issues
2025-01-03 18:40:00,Server_10,38.85,57.16,53.88,21.12,100.0,Working,0.35,No issues
2025-01-03 18:45:00,Server_9,50.67,62.99,60.23,29.17,100.0,Working,0.34,No issues
2025-01-03 18:50:00,Server_2,80.98,62.93,65.42,21.9,125.67,Working,0.94,No issues
2025-01-03 18:55:00,Server_5,45.51,53.79,75.65,24.44,103.16,Working,0.82,Minor issues
2025-01-03 19:00:00,Server_10,44.63,68.09,76.58,26.07,103.96,Failed,0.61,Major failure
2025-01-03 19:05:00,Server_5,68.57,54.3,76.59,24.31,116.2,Degraded,0.65,Minor issues
2025-01-03 19:10:00,Server_2,31.24,55.5,76.19,31.52,100.0,Working,0.34,No issues
2025-01-03 19:15:00,Server_2,54.53,67.1,65.71,28.16,104.19,Working,0.44,Major failure
2025-01-03 19:20:00,Server_8,38.26,45.21,66.85,28.85,100.0,Working,0.42,No issues
2025-01-03 19:25:00,Server_2,20.13,56.5,62.69,24.48,100.0,Working,0.24,Minor issues
2025-01-03 19:30:00,Server_9,90.72,53.34,62.76,33.38,119.15,Degraded,0.82,No issues
2025-01-03 19:35:00,Server_4,42.36,59.85,64.6,26.39,100.0,Working,0.29,No issues
2025-01-03 19:40:00,Server_10,49.21,53.99,60.35,20.24,100.0,Working,0.95,No issues
2025-01-03 19:45:00,Server_6,53.24,67.65,72.67,18.56,106.48,Working,0.92,Minor issues
2025-01-03 19:50:00,Server_6,47.59,44.84,68.94,21.98,100.18,Working,0.62,Minor issues
2025-01-03 19:55:00,Server_1,43.56,54.7,79.93,23.6,103.86,Working,0.02,No issues
2025-01-03 20:00:00,Server_7,53.81,60.05,73.96,25.72,113.77,Working,0.45,No issues
2025-01-03 20:05:00,Server_7,41.97,49.55,79.05,20.0,100.0,Failed,0.2,No issues
2025-01-03 20:10:00,Server_9,56.13,56.38,64.54,28.48,100.0,Working,0.23,Major failure
2025-01-03 20:15:00,Server_8,46.71,59.02,76.77,20.94,100.0,Working,0.05,Minor issues
2025-01-03 20:20:00,Server_6,36.17,77.28,67.15,31.53,100.0,Working,0.44,Major failure
2025-01-03 20:25:00,Server_10,53.62,60.31,69.22,20.57,107.6,Working,0.25,No issues
2025-01-03 20:30:00,Server_2,60.85,67.72,76.71,22.65,108.28,Working,0.33,Major failure
2025-01-03 20:35:00,Server_6,62.65,61.84,82.03,25.9,110.3,Working,0.77,Major failure
2025-01-03 20:40:00,Server_10,27.18,84.97,70.66,22.42,100.0,Degraded,0.45,Major failure
2025-01-03 20:45:00,Server_5,40.96,44.58,70.9,27.11,100.0,Working,0.7,Major failure
2025-01-03 20:50:00,Server_3,27.69,44.47,78.46,21.97,100.0,Working,0.69,Minor issues
2025-01-03 20:55:00,Server_3,30.75,62.02,79.1,18.05,100.0,Working,0.08,Major failure
2025-01-03 21:00:00,Server_3,73.72,59.93,81.27,27.05,121.31,Working,0.59,Major failure
2025-01-03 21:05:00,Server_8,60.92,51.13,83.8,24.98,118.11,Working,0.69,No issues
2025-01-03 21:10:00,Server_1,35.68,72.65,64.9,25.41,100.0,Working,0.95,No issues
2025-01-03 21:15:00,Server_4,44.46,62.84,70.26,23.7,100.0,Working,0.92,Minor issues
2025-01-03 21:20:00,Server_5,65.41,64.1,64.96,19.87,113.39,Working,0.63,No issues
2025-01-03 21:25:00,Server_5,47.78,58.96,82.29,19.75,106.24,Degraded,0.94,Major failure
2025-01-03 21:30:00,Server_6,57.28,57.85,69.72,28.79,100.0,Working,0.72,No issues
2025-01-03 21:35:00,Server_9,55.33,60.01,64.53,30.61,103.15,Working,0.05,No issues
2025-01-03 21:40:00,Server_3,76.96,64.7,69.83,25.49,116.7,Working,0.95,No issues
2025-01-03 21:45:00,Server_1,39.01,76.42,65.99,21.07,100.0,Working,0.83,No issues
2025-01-03 21:50:00,Server_8,56.35,43.64,64.23,21.54,100.0,Working,0.42,No issues
2025-01-03 21:55:00,Server_1,59.92,59.71,78.88,29.14,101.37,Working,0.88,Major failure
2025-01-03 22:00:00,Server_4,49.17,57.93,83.01,25.75,100.0,Degraded,0.47,No issues
2025-01-03 22:05:00,Server_7,65.84,70.17,66.21,28.52,106.94,Working,0.55,Major failure
2025-01-03 22:10:00,Server_7,43.14,83.22,73.75,23.68,114.09,Working,0.0,Major failure
2025-01-03 22:15:00,Server_4,67.42,62.78,65.83,17.03,113.03,Degraded,0.71,Minor issues
2025-01-03 22:20:00,Server_3,58.06,62.03,65.96,28.13,107.41,Degraded,0.96,Minor issues
2025-01-03 22:25:00,Server_3,55.36,76.69,70.25,30.26,105.81,Working,0.39,Minor issues
2025-01-03 22:30:00,Server_2,66.84,64.35,64.18,26.66,109.65,Working,0.74,No issues
2025-01-03 22:35:00,Server_9,51.91,75.88,70.79,25.3,103.94,Working,0.41,No issues
2025-01-03 22:40:00,Server_3,63.24,74.68,73.16,21.04,112.17,Working,0.08,Major failure
2025-01-03 22:45:00,Server_8,60.3,54.03,79.84,36.5,107.5,Working,0.47,No issues
2025-01-03 22:50:00,Server_6,34.02,64.47,59.55,28.03,100.0,Working,0.6,Major failure
2025-01-03 22:55:00,Server_7,44.46,62.81,62.25,31.84,100.0,Failed,0.69,Major failure
2025-01-03 23:00:00,Server_2,30.7,67.44,44.18,23.57,100.0,Working,0.41,Major failure
2025-01-03 23:05:00,Server_3,22.2,49.06,49.59,25.07,100.0,Working,0.32,Major failure
2025-01-03 23:10:00,Server_10,55.64,48.46,46.48,30.75,100.29,Working,0.04,No issues
2025-01-03 23:15:00,Server_9,40.03,47.33,53.9,22.99,100.0,Degraded,0.15,No issues
2025-01-03 23:20:00,Server_10,60.02,46.17,55.86,25.08,107.42,Working,0.12,Minor issues
2025-01-03 23:25:00,Server_1,34.43,55.12,66.09,30.34,100.0,Working,0.68,Minor issues
2025-01-03 23:30:00,Server_8,42.85,60.99,67.34,25.89,100.0,Working,0.71,Major failure
2025-01-03 23:35:00,Server_6,72.69,64.71,60.57,20.76,111.76,Working,0.18,No issues
2025-01-03 23:40:00,Server_9,48.59,76.54,79.75,21.85,102.31,Degraded,0.13,Minor issues
2025-01-03 23:45:00,Server_10,21.57,56.56,62.93,19.58,100.0,Degraded,0.42,Major failure
2025-01-03 23:50:00,Server_9,23.21,72.29,76.11,27.11,100.0,Working,0.69,Major failure
2025-01-03 23:55:00,Server_5,58.79,51.37,66.62,22.54,108.15,Working,0.62,Major failure
2025-01-04 00:00:00,Server_7,67.71,72.32,56.34,29.84,115.69,Working,0.18,No issues
2025-01-04 00:05:00,Server_10,29.23,44.17,72.41,20.7,100.0,Working,0.59,Major failure
2025-01-04 00:10:00,Server_4,40.88,66.41,69.89,23.39,100.0,Degraded,0.06,Major failure
2025-01-04 00:15:00,Server_2,16.23,70.0,72.41,29.15,100.0,Working,0.08,No issues
2025-01-04 00:20:00,Server_2,60.81,72.89,57.48,27.9,106.06,Working,0.54,No issues
2025-01-04 00:25:00,Server_3,56.07,52.83,65.18,27.23,101.77,Degraded,0.63,Major failure
2025-01-04 00:30:00,Server_10,55.42,83.1,57.91,23.62,114.88,Degraded,0.71,Minor issues
2025-01-04 00:35:00,Server_1,41.85,66.69,66.36,23.06,107.54,Working,0.33,No issues
2025-01-04 00:40:00,Server_4,58.72,66.4,57.34,19.8,110.14,Failed,0.87,No issues
2025-01-04 00:45:00,Server_2,49.26,64.73,76.87,23.85,109.1,Working,0.51,Major failure
2025-01-04 00:50:00,Server_10,40.11,62.84,63.43,21.74,100.0,Degraded,0.56,Minor issues
2025-01-04 00:55:00,Server_10,47.66,60.34,68.64,19.85,100.0,Working,0.09,Major failure
2025-01-04 01:00:00,Server_3,45.38,65.71,70.01,23.73,100.0,Degraded,0.14,No issues
2025-01-04 01:05:00,Server_6,65.85,53.29,91.14,22.06,113.64,Working,0.86,No issues
2025-01-04 01:10:00,Server_8,49.18,61.02,77.04,30.12,101.99,Working,0.26,No issues
2025-01-04 01:15:00,Server_3,28.83,50.36,64.21,21.96,100.0,Working,0.79,Minor issues
2025-01-04 01:20:00,Server_6,27.96,61.83,79.65,29.93,100.0,Working,0.07,No issues
2025-01-04 01:25:00,Server_3,45.13,51.09,65.17,24.32,100.0,Working,0.58,Major failure
2025-01-04 01:30:00,Server_2,46.84,48.04,68.72,32.65,100.0,Working,0.08,Minor issues
2025-01-04 01:35:00,Server_1,89.81,50.94,62.82,26.5,114.28,Working,0.81,No issues
2025-01-04 01:40:00,Server_4,54.4,64.14,55.95,15.26,102.3,Working,0.86,Minor issues
2025-01-04 01:45:00,Server_3,35.95,58.66,83.58,20.54,100.0,Working,0.43,Major failure
2025-01-04 01:50:00,Server_7,60.96,54.75,79.97,36.81,108.89,Failed,0.15,Minor issues
2025-01-04 01:55:00,Server_2,45.39,40.73,63.59,30.75,101.64,Working,0.28,Major failure
2025-01-04 02:00:00,Server_1,43.47,64.81,75.88,29.24,103.88,Working,0.12,Minor issues
2025-01-04 02:05:00,Server_3,46.46,62.4,80.55,28.52,102.52,Failed,0.19,Minor issues
2025-01-04 02:10:00,Server_9,59.9,58.09,43.55,23.23,100.01,Working,0.23,Major failure
2025-01-04 02:15:00,Server_6,41.74,78.65,79.47,19.61,100.0,Failed,0.58,Major failure
2025-01-04 02:20:00,Server_4,27.01,68.71,58.89,19.46,103.11,Working,0.65,Minor issues
2025-01-04 02:25:00,Server_6,25.46,69.22,81.71,28.83,100.0,Working,0.89,Minor issues
2025-01-04 02:30:00,Server_2,45.74,66.89,66.14,25.72,105.95,Working,0.59,No issues
2025-01-04 02:35:00,Server_5,35.29,68.6,67.63,27.18,100.0,Working,0.02,No issues
2025-01-04 02:40:00,Server_5,59.1,44.76,75.01,25.72,100.5,Working,0.87,Major failure
2025-01-04 02:45:00,Server_10,55.89,55.97,65.02,23.39,100.0,Degraded,0.25,Major failure
2025-01-04 02:50:00,Server_8,54.03,68.01,66.76,17.39,107.8,Working,0.27,Minor issues
2025-01-04 02:55:00,Server_10,37.97,45.33,62.07,19.27,100.0,Working,0.53,Minor issues
2025-01-04 03:00:00,Server_8,26.83,60.69,78.74,28.08,100.0,Working,0.79,Minor issues
2025-01-04 03:05:00,Server_9,37.67,76.76,87.41,26.62,100.0,Working,0.94,Minor issues
2025-01-04 03:10:00,Server_10,50.17,54.05,80.06,15.0,103.57,Working,0.21,Major failure
2025-01-04 03:15:00,Server_1,63.58,67.88,80.27,27.15,116.6,Working,0.37,Minor issues
2025-01-04 03:20:00,Server_7,74.22,57.27,80.86,23.0,116.02,Working,0.93,No issues
2025-01-04 03:25:00,Server_5,74.72,67.07,62.36,26.93,115.11,Working,0.62,Minor issues
2025-01-04 03:30:00,Server_6,64.4,49.5,68.31,29.51,112.29,Working,0.86,Major failure
2025-01-04 03:35:00,Server_4,59.05,57.05,75.0,20.57,100.0,Degraded,0.83,Major failure
2025-01-04 03:40:00,Server_1,60.99,52.98,60.68,40.0,100.0,Working,0.18,Minor issues
2025-01-04 03:45:00,Server_8,67.1,50.45,86.7,19.46,111.39,Working,0.74,Minor issues
2025-01-04 03:50:00,Server_7,49.21,74.26,82.81,20.45,107.63,Working,0.43,Major failure
2025-01-04 03:55:00,Server_10,43.45,70.96,59.08,23.41,100.0,Working,0.93,Major failure
2025-01-04 04:00:00,Server_10,57.03,52.49,56.5,15.0,100.18,Working,0.69,No issues
2025-01-04 04:05:00,Server_9,40.76,65.32,74.79,32.32,101.12,Working,0.78,Minor issues
2025-01-04 04:10:00,Server_8,38.9,58.47,85.52,29.31,100.0,Working,0.87,Minor issues
2025-01-04 04:15:00,Server_1,47.33,66.87,72.98,28.58,100.0,Working,0.15,Minor issues
2025-01-04 04:20:00,Server_1,38.27,56.92,75.82,22.28,100.0,Working,0.06,Major failure
2025-01-04 04:25:00,Server_5,46.78,51.81,62.59,18.37,100.0,Working,0.42,Minor issues
2025-01-04 04:30:00,Server_2,31.7,62.83,63.32,23.35,100.0,Working,0.72,Major failure
2025-01-04 04:35:00,Server_2,48.1,65.76,50.68,16.0,100.0,Working,0.26,No issues
2025-01-04 04:40:00,Server_5,80.81,59.9,65.16,25.44,114.99,Working,0.91,Major failure
2025-01-04 04:45:00,Server_7,58.76,57.69,49.43,25.41,103.55,Degraded,0.08,Minor issues
2025-01-04 04:50:00,Server_2,32.52,66.39,74.13,19.67,100.0,Working,0.84,Minor issues
2025-01-04 04:55:00,Server_2,56.52,51.25,67.16,24.69,106.48,Working,0.78,Minor issues
2025-01-04 05:00:00,Server_8,56.99,60.13,80.62,30.18,109.72,Working,0.17,Minor issues
2025-01-04 05:05:00,Server_7,51.39,55.1,68.98,21.27,101.99,Working,0.7,Minor issues
2025-01-04 05:10:00,Server_1,60.62,55.09,72.06,23.07,113.73,Working,0.67,Major failure
2025-01-04 05:15:00,Server_2,44.44,55.35,78.28,26.17,100.0,Working,0.1,No issues
2025-01-04 05:20:00,Server_4,52.32,48.44,63.48,19.81,100.0,Working,1.0,No issues
2025-01-04 05:25:00,Server_3,51.69,78.41,68.66,23.62,114.26,Working,0.43,Major failure
2025-01-04 05:30:00,Server_10,49.8,49.93,79.31,28.78,101.95,Working,0.35,Minor issues
2025-01-04 05:35:00,Server_7,57.56,58.88,62.22,25.35,103.25,Working,0.62,Major failure
2025-01-04 05:40:00,Server_9,29.15,70.8,78.92,18.72,100.0,Working,0.27,Major failure
2025-01-04 05:45:00,Server_4,57.17,56.87,74.02,21.9,100.0,Working,0.85,Minor issues
2025-01-04 05:50:00,Server_10,43.21,59.26,70.07,27.26,103.64,Working,0.97,Minor issues
2025-01-04 05:55:00,Server_5,48.02,61.1,86.66,21.05,100.0,Working,0.71,No issues
2025-01-04 06:00:00,Server_8,52.48,63.78,67.28,30.77,100.83,Working,0.28,Minor issues
2025-01-04 06:05:00,Server_10,60.12,65.15,86.62,24.95,100.0,Failed,0.6,Minor issues
2025-01-04 06:10:00,Server_8,73.42,64.66,77.87,22.0,116.17,Failed,0.27,Minor issues
2025-01-04 06:15:00,Server_10,19.93,74.16,76.19,25.74,100.0,Working,0.69,No issues
2025-01-04 06:20:00,Server_1,47.29,59.49,69.02,22.11,100.0,Working,0.47,No issues
2025-01-04 06:25:00,Server_3,55.52,56.54,70.47,24.58,100.0,Working,0.31,Major failure
2025-01-04 06:30:00,Server_10,59.04,46.08,66.55,28.59,100.35,Working,0.23,Minor issues
2025-01-04 06:35:00,Server_4,70.73,63.95,66.48,30.05,113.19,Working,0.24,No issues
2025-01-04 06:40:00,Server_9,58.68,57.76,73.5,30.35,106.57,Working,0.15,Major failure
2025-01-04 06:45:00,Server_4,90.86,65.19,59.03,26.5,120.41,Working,0.61,Major failure
2025-01-04 06:50:00,Server_7,50.37,73.46,72.58,24.94,108.33,Working,0.32,Major failure
2025-01-04 06:55:00,Server_4,58.94,64.2,74.67,24.12,106.8,Working,0.56,Minor issues
2025-01-04 07:00:00,Server_1,36.39,53.31,81.82,26.68,100.03,Working,0.67,Minor issues
2025-01-04 07:05:00,Server_2,77.91,53.58,70.19,29.49,111.59,Working,0.75,Major failure
2025-01-04 07:10:00,Server_5,28.01,43.07,75.61,29.32,100.0,Degraded,0.64,Minor issues
2025-01-04 07:15:00,Server_1,27.78,41.7,85.74,29.35,100.0,Working,0.7,No issues
2025-01-04 07:20:00,Server_2,63.57,64.7,69.85,20.99,104.38,Degraded,0.19,Major failure
2025-01-04 07:25:00,Server_4,61.35,77.11,72.88,19.16,100.0,Working,0.51,No issues
2025-01-04 07:30:00,Server_4,37.11,74.19,65.75,20.03,100.0,Working,0.96,No issues
2025-01-04 07:35:00,Server_2,35.24,75.57,61.78,25.97,100.0,Working,0.42,Major failure
2025-01-04 07:40:00,Server_3,57.72,73.7,59.51,24.51,109.01,Working,0.93,No issues
2025-01-04 07:45:00,Server_4,39.09,69.25,73.96,23.7,103.09,Working,0.14,Major failure
2025-01-04 07:50:00,Server_8,32.98,60.74,53.06,23.32,100.0,Working,0.01,Major failure
2025-01-04 07:55:00,Server_3,37.45,69.33,56.35,21.73,100.0,Working,0.01,Major failure
2025-01-04 08:00:00,Server_6,38.6,58.72,78.56,25.25,100.0,Failed,0.87,Major failure
2025-01-04 08:05:00,Server_4,67.24,62.4,69.27,22.48,108.81,Working,0.29,No issues
2025-01-04 08:10:00,Server_8,75.31,68.01,82.9,15.19,112.4,Working,0.84,Minor issues
2025-01-04 08:15:00,Server_8,80.73,61.23,53.67,23.48,112.76,Degraded,0.55,No issues
2025-01-04 08:20:00,Server_1,37.39,55.76,59.16,31.86,100.0,Working,0.46,No issues
2025-01-04 08:25:00,Server_2,31.62,54.12,77.44,20.96,100.0,Working,0.14,Major failure
2025-01-04 08:30:00,Server_5,20.19,63.93,72.99,23.5,100.0,Working,0.68,Major failure
2025-01-04 08:35:00,Server_4,42.48,60.79,68.81,25.14,100.0,Working,0.5,Minor issues
2025-01-04 08:40:00,Server_6,40.24,69.19,70.68,19.34,100.0,Working,0.87,No issues
2025-01-04 08:45:00,Server_2,34.84,50.81,61.38,23.63,100.0,Working,0.49,Minor issues
2025-01-04 08:50:00,Server_2,27.32,58.65,69.65,26.04,100.0,Working,0.43,No issues
2025-01-04 08:55:00,Server_1,80.69,60.34,79.05,24.7,118.84,Working,0.4,Major failure
2025-01-04 09:00:00,Server_4,58.04,62.64,78.25,26.34,110.93,Working,0.72,Minor issues
2025-01-04 09:05:00,Server_7,54.82,69.67,64.03,26.38,107.79,Working,0.71,Major failure
2025-01-04 09:10:00,Server_2,32.94,55.39,54.45,15.0,100.0,Working,0.82,Minor issues
2025-01-04 09:15:00,Server_1,27.41,72.26,78.22,23.98,100.0,Working,0.02,No issues
2025-01-04 09:20:00,Server_2,45.14,65.01,81.1,28.46,107.82,Working,0.76,Minor issues
2025-01-04 09:25:00,Server_9,58.16,44.81,73.86,34.42,101.78,Degraded,0.51,Major failure
2025-01-04 09:30:00,Server_8,41.96,62.75,79.03,20.34,107.2,Working,0.48,Major failure
2025-01-04 09:35:00,Server_8,37.53,46.12,49.81,17.95,100.0,Working,0.32,No issues
2025-01-04 09:40:00,Server_6,69.96,40.91,56.93,34.23,100.0,Working,0.1,No issues
2025-01-04 09:45:00,Server_3,64.72,69.56,85.08,28.68,109.49,Working,0.02,No issues
2025-01-04 09:50:00,Server_9,31.0,63.84,62.97,19.44,100.0,Working,0.61,Minor issues
2025-01-04 09:55:00,Server_7,79.76,58.65,69.65,35.25,122.97,Working,0.7,Major failure
2025-01-04 10:00:00,Server_7,42.5,83.2,60.44,20.03,106.6,Working,0.08,No issues
2025-01-04 10:05:00,Server_9,35.58,41.97,80.06,33.19,101.95,Failed,0.49,Major failure
2025-01-04 10:10:00,Server_3,27.14,58.24,76.64,24.13,100.0,Failed,0.47,No issues
2025-01-04 10:15:00,Server_4,51.19,61.14,74.85,26.15,111.28,Working,0.3,No issues
2025-01-04 10:20:00,Server_8,43.11,51.02,54.43,28.32,100.0,Degraded,0.87,Minor issues
2025-01-04 10:25:00,Server_8,32.18,56.78,60.36,30.43,100.0,Working,0.23,Minor issues
2025-01-04 10:30:00,Server_6,50.91,46.8,77.88,25.15,100.0,Working,0.25,No issues
2025-01-04 10:35:00,Server_8,51.67,68.93,73.2,20.98,103.46,Working,0.64,Minor issues
2025-01-04 10:40:00,Server_7,58.63,70.55,69.17,20.1,112.53,Working,0.84,Minor issues
2025-01-04 10:45:00,Server_8,34.43,57.09,66.44,16.7,100.0,Working,0.74,Minor issues
2025-01-04 10:50:00,Server_10,47.2,58.21,64.07,34.4,104.49,Working,0.42,No issues
2025-01-04 10:55:00,Server_1,57.0,65.8,69.89,23.87,100.0,Working,0.36,Major failure
2025-01-04 11:00:00,Server_4,38.86,55.77,74.06,18.55,100.0,Working,0.6,No issues
2025-01-04 11:05:00,Server_6,57.04,73.73,68.04,25.68,108.34,Working,0.8,Major failure
2025-01-04 11:10:00,Server_2,36.95,38.11,57.91,22.24,100.0,Working,0.22,No issues
2025-01-04 11:15:00,Server_5,45.41,58.57,69.63,20.96,100.0,Working,0.73,Minor issues
